Nama Produk,Kategori,Ingridients,Tekstur,Harga,Gambar,Link_Produk
Skintific 5x Ceramide Low pH Cleanser,Facial Wash,"""Water, Glycerin, Sodium Cocoyl Glycinate, Lauryl Betaine, Hydroxypropyl Starch Phosphate, Citric Acid, PEG-60 Glyceryl Isostearate, Sodium Chloride, Glyceryl Stearate SE, Coco-Glucoside, Phenoxyethanol, Sodium Cocoyl Isethionate, Sodium Phytate, Ethylhexylglycerin, Polyquaternium-7, 1,2-Hexanediol, Quillaja Saponaria Bark Extract, Sodium Benzoate, Ceramide NP, Ceramide EOP, Hyaluronic Acid, Ceramide AP, Centella Asiatica Extract, Niacinamide, Ceramide AS, Panthenol, Ceramide NS, Salicylic Acid, Arginine, Butylene Glycol, Hydrogenated Lecithin, Cetearyl Alcohol, Tocopherol, Stearic Acid, Ascorbic Acid, Sodium Hyaluronate, Cholesterol, Phytosphingosine""",Cream,86000,https://medias.watsons.co.id/publishing/WTCID-28556-back-zoom.jpg?version=1728572960,https://s.shopee.co.id/5ffuwdd1dY
Azarine Acne Gentle Cleansing Foam,Facial Wash,"""Aqua, Disodium Laureth Sulfosuccinate, Cocamidopropyl Betaine, Propanediol, Glycerin, Aloe Barbadensis Leaf Extract, Hamamelis Virginiana Leaf Extract, Polyacrylate Crosspolymer-6, Alcohol, Citrus Limon (Lemon) Fruit Extract, Chlorphenesin, Salicylic Acid, Rheum Palmatum Root Extract, Allantoin, Honey (Mel), Portulaca Oleracea Extract, Fragrance, Citric Acid""",Cream,34000,https://images.tokopedia.net/img/cache/700/VqbcmM/2024/1/25/3232180e-4b64-4cc7-b692-af630cbff71d.jpg,https://s.shopee.co.id/3LI0AOtuNv
Hada Labo Gokujyun Ultimate Moisturizing Face Wash,Facial Wash,"""Aqua (Water), Glycerin, Sodium Cocoyl Glycinate, Butylene Glycol, Hydroxypropyl Starch Phosphate, Cocamidopropyl Betaine, PEG-400, Decyl Glucoside, Sodium Lauroyl Aspartate, Potassium Cocoyl Glycinate, Glyceryl Stearate SE, Sodium Stearoyl Glutamate, Citric Acid, Lauric Acid, Stearic Acid, Methylparaben, PEG-32, BHT, Disodium EDTA, Propylparaben, Polyquaternium-7, Polyquaternium-52, Hydroxypropyl Methylcellulose, Hydroxypropyltrimonium Hyaluronate, Sodium Acetylated (Acha) Hyaluronate""",Cream,37000,https://id-test-11.slatic.net/p/7913222295f0e7200bfe9ee2fe07074b.jpg,https://s.shopee.co.id/5ffuwmMOfo
Somethinc Low pH Gentle Jelly Cleanser,Facial Wash,"""Water, Potassium Laureth Phosphate, Glycerin, Potassium Cocoyl Glutamate, Acrylates/​C10-30 Alkyl Acrylate Crosspolymer, Butylene Glycol, Centella Asiatica Leaf Water, Caprylic/​Capric Triglyceride, Aspartic Acid, Caprylyl Glycol, Sodium Cocoyl Glutamate, 1,2-Hexanediol, Lauryl Hydroxysultaine, Coco-Glucoside, Polyglyceryl-10 Laurate, Polyglyceryl-10 Myristate, Glyceryl Caprylate, Melaleuca Alternifolia (Tea Tree) Leaf Oil, Sodium Cocoyl Isethionate, Disodium EDTA, Calendula Officinalis Flower Extract, Mentha Piperita (Peppermint Oil) Oil, Quillaja Saponaria Bark Extract, Artemisia Capillaris Extract""",Gel,87000,https://dynamic.zacdn.com/s9SAotClIIOrAouTuy1dvwY9BNM=/filters:quality(70):format(webp)/https://static-id.zacdn.com/p/somethinc-9866-3391793-5.jpg,https://s.shopee.co.id/803pj5dEXJ
"Wardah
Acnederm Pure Foaming Cleanser",Facial Wash,"""Aqua, Sodium Laureth Sulfate, Cocamidopropyl Betaine, Propylene Glycol, Sodium Lauroyl Sarcosinate, Sodium Chloride, Decyl Glucoside, PEG-120 Methyl Glucose Dioleate, Acrylates Copolymer, PEG-3 Distearate, Zinc Gluconate, Salicylic Acid, Dmdm Hydantoin, Fragrance, Triethanolamine, Allantoin, Disodium EDTA""
",Gel,22000,https://img.lazcdn.com/g/p/a2a21763fce8be9307f30e50937abcc3.jpg_960x960q80.jpg_.webp,https://s.shopee.co.id/6AcBXkawvd
"The Originote
Cicamide Facial Cleanser",Facial Wash,"""Water, Cocamidopropyl Betaine, PEG-90 Glyceryl Isostearate, Sodium Laureth Sulfate, Glycerin, Sodium Chloride, Sodium Methyl Cocoyl Taurate, Phenoxyethanol, Laureth-2, Methylparaben, Niacinamide, Butylene Glycol, Ethylhexylglycerin, Propylene Glycol, Centella Asiatica Extract, Caprylic/​Capric Triglyceride, Hydrogenated Lecithin, Hexylene Glycol, Stearic Acid, Cholesterol, Ceramide NP""",Gel,41000,https://id-live-01.slatic.net/p/be751c5f16e223f9222c5c68ee2c4639.jpg,https://s.shopee.co.id/3qEGlTwUQU
"Whitelab
pH-balanced Facial Cleanser",Facial Wash,"""Aqua, Cocamidopropyl Betaine, Glyserin, Potassium Cocoate, Sodium Cocoamphoacetate, Disodium Cocoyl Glutamate, Cocamide DEA, Sodium Chloride, Polysorbate 20, Niacinamide, Avena Sativa Kernel Extract, Lactobacillus Ferment Filtrate, Fomes Officinalis (Mushroom) Extract, DMDM Hydantoin, Sodium Benzoate, Potassium Sorbate""",Cream,49000,https://down-id.img.susercontent.com/file/sg-11134201-23020-93qgib3367mva0,https://s.shopee.co.id/20mca8gWcY
"N'PURE
Face Wash Cica Series",Facial Wash,"""Aqua, Potassium Cocoyl Glycinate, Disodium Cocoyl Glutamate, Butylene Glycol, Cocamidopropyl Betaine, Niacinamide, Centella Asiatica Extract, Licorice Glycyrrhiza Glabra Extract, Salicylic Acid, Ascorbyl Glucoside, DMDM Hydantoin, Hydroxyethyl Urea, Camellia Sinensis Leaf Extract, Glutathione, Sodium Ascorbyl Phosphate, Sebacic Acid, Allantoin, Citrus Junos Seed Extract, Citrus Unshiu Peel Extract, Actinidia Chinensis Seed Extract, Fragaria Chiloensis Fruit Extract, Vitis Vinifera Leaf Extract, Vitis Vinifera Skin Extract, Garcinia Mangostana Peel Extract, Fragrance (Parfum Components And Finished Fragrances)""
",Foam,78000,https://img.lazcdn.com/g/p/663d0e801e8be5397d42e8c0c4772fad.jpg_720x720q80.jpg,https://s.shopee.co.id/6prsL35eKf
"Emina
Sabun Cuci Muka Ms Pimple",Facial Wash,"""Aqua, Propylene Glycol, Sodium Laureth Sulfate, Acrylates Copolymer, Hydroxyethylcellulose, Cocamidopropyl Betaine, Zinc Gluconate, Salicylic Acid, Triethanolamine, Dmdm Hydantoin, Sodium Chloride, Allantoin, Fragrance, Phenoxyethanol, Trideceth-9, PEG-40 Hydrogenated Castor Oil, Ethylhexylglycerin, Polysorbate 20, Ci 19140, Ci 42090""",Gel,23000,https://img.lazcdn.com/g/p/395fa8c71664b3507946e89bb86fd0e0.png_720x720q80.png,https://s.shopee.co.id/40XgxrTRAf
"Somethinc
Acnedot Treatment Low pH Cleanser",Facial Wash,"""Camellia Sinensis Leaf Water, Cocamidopropyl Betaine, Aqua, Butylene Glycol, Polyquaternium-7, Sodium Cocoyl Glycinate, Trehalose, Glycerine, Succinic Acid, 1,2-Hexanediol, Dimethylol Dimethyl Hydantoin, Hydroxypropyl Methylcellulose, Sodium Chloride, Polyglyceryl-4 Caprate, Melaleuca Alternifolia (Tea Tree) Leaf Oil, Sodium Hydroxide, Hippophae Rhamnoides (Sea Buckthorn) Fruit Juice, Hydrolyzed Algin, Bacillus/​Folic Acid Ferment Filtrate Extract, Maltodextrin, Phenoxyethanol, Sodium Hyaluronate, Zinc Sulfate""",Foam,79000,https://medias.watsons.co.id/publishing/WTCID-26392-extra2-zoom.jpg?version=1728570642,https://s.shopee.co.id/7fQzKcJKwS
Cosrx Salicylic Acid Gentle Cleanser,Facial Wash,"""Water, Glycerin, Myristic Acid, Stearic Acid, Potassium Hydroxide, Lauric Acid, Butylene Glycol, Glycol Distearate, Polysorbate 80, Sodium Methyl Cocoyl Taurate, Salicylic Acid, Cocamidopropyl Betaine, PEG-60 Hydrogenated Castor Oil, Citrus Limon (Lemon) Fruit Oil, Sodium Chloride, Melaleuca Alternifolia (Tea Tree) Leaf Oil, Caprylyl Glycol, Ethylhexylglycerin, Salix Alba (Willow) Bark Water, 1,2-Hexanediol, Ethyl Hexanediol, Citric Acid, Disodium EDTA""",Cream,117000,https://down-id.img.susercontent.com/file/id-11134207-7rbk4-mas50jytgkym9f,https://s.shopee.co.id/803pjFVYBu
"Wardah
Crystal Clear Foaming Cleanser",Facial Wash,"""Aqua, Acrylates Copolymer, Glycerin, Propylene Glycol, Cocamidopropyl Betaine, Potassium Cocoyl Glycinate, Decyl Glucoside, Sodium Laureth Sulfate, Sodium Hydroxide, Potassium Cocoate, Sodium PCA, Sodium Lauroyl Methyl Isethionate, Sodium Chloride, Phenoxyethanol, DMDM Hydantoin, Fragrance, Gluconolactone, Zea Mays (Corn) Starch, Mannitol, Microcrystalline Cellulose, Ethylhexylglycerin, Disodium EDTA, Trisodium Ethylenediamine Disuccinate, Sodium Benzoate, Vaccinium Myrtillus Fruit Extract, Mica, Saccharum Officinarum (Sugar Cane) Extract, Citrus Aurantium Dulcis (Orange) Fruit Extract, Citrus Limon (Lemon) Fruit Extract, Hydroxypropyl Starch Phosphate, Tocopheryl Acetate, Leontopodium Alpinum Extract, Acer Saccharum (Sugar Maple) Extract, Citric Acid, Potassium Sorbate, Ci 77891, Ci 77499""
",Foam,34000,https://down-id.img.susercontent.com/file/703d0a242f36eeaf36a1c2b6bccad943,https://s.shopee.co.id/3VbQN1yOUZ
"Garnier Vitamin C Face Wash
",Facial Wash,"""Water, Glycerin, Myristic Acid, Palmitic Acid, Stearic Acid, Potassium Hydroxide, Lauric Acid, Glyceryl Distearate, Glyceryl Stearate, Kaolin, PEG-14M, Linalool, Salicylic Acid, Phenoxyethanol, Limonene, Ascorbyl Glucoside, Tetrasodium EDTA, Lemon Fruit Extract, Citrus Junos Fruit Extract, Maltodextrin, Benzyl Salicylate, Benzyl Alcohol, Fragrance""
",Cream,17000,https://img.lazcdn.com/g/p/5c08f68f2675d860ad52f7812d5382d9.png_960x960q80.png_.webp,https://s.shopee.co.id/8fJWWY8m7z
Pond's Bright Serum Facial Foam,Facial Wash,"""Myristic Acid, Glycerin, Water, Propylene Glycol, Potassium Hydroxide, Stearic Acid, Glycol Distearate, Lauric Acid, Decyl Glucoside, Palmitic Acid, Hydroxystearic Acid, Glyceryl Stearate, Sodium Hyaluronate, Sodium Acetylated Hyaluronate, Hydrolyzed Sodium Hyaluronate, Sodium Hyaluronate Crosspolymer, Rosa Canina Fruit Oil, Niacinamide, Pentylene Glycol, Ethylhexylglycerin, Arachidic Acid, Polyquaternium-7, Perfume, Disodium EDTA, Sodium Benzoate, Piroctone Olamine, Phenoxyethanol""
",Foam,30000,https://images.soco.id/a9063dcd-6e19-4019-92b6-8155d255dc40-.jpg,https://s.shopee.co.id/9UsdW6nXWj
Wardah Renew You Facial Wash,Facial Wash,"""Aqua, Sodium Laureth Sulfate, Cocamidopropyl Betaine, Acrylates Copolymer, Potassium Cocoyl Glycinate, Glycerin, Sodium Lauroyl Sarcosinate, Propylene Glycol, Panthenol, Polyquaternium-7, Sodium PCA, Sodium Chloride, Phenoxyethanol, Salicylic Acid, Allantoin, Potassium Hydroxide, Glyceryl Polyacrylate, Fragrance, Disodium EDTA, Ethylhexylglycerin, Vaccinium Myrtillus Fruit Extract, Glycyrrhiza Glabra (Licorice) Root Extract, Saccharum Officinarum (Sugar Cane) Extract, Butylene Glycol, Acer Saccharum (Sugar Maple) Extract, Citrus Aurantium (Orange) Fruit Extract, Citrus Medica Limonum (Lemon) Fruit Extract, Caprylic/​Capric Triglyceride, Bakuchiol, Deoxyphytantriyl Palmitamide Mea, Hydrogenated Lecithin, Ceramide NP, Cholesterol, Carbomer, Polysorbate 20, Palmitoyl Oligopeptide, Palmitoyl Tetrapeptide-7""",Cream,38000,https://down-id.img.susercontent.com/file/id-11134207-7r98o-lktd8wsxvcducc,https://s.shopee.co.id/8V06KHzfos
Pond's Age Miracle Facial Treatment Cleanser,Facial Wash,"""Glycerin, Water, Sodium Cocoyl Glycinate, Glycol Distearate, Lauramidopropyl Betaine, Stearic Acid, Disodium Lauriminodiacetate, Sodium Methyl Cocoyl Taurate, Niacinamide, Retinyl Propionate, Retinyl Palmitate, Helianthus Annuus (Sunflower) Seed Oil, Hydroxystearic Acid, Cetyl Alcohol, Palmitic Acid, Arachidic Acid, Ceteth-20, Hydrated Silica, Sodium Chloride, Polyquaternium-39, Carbomer, PEG-4, PEG-4 Laurate, PEG-4 Dilaurate, Citric Acid, Perfume, BHT, Iodopropynyl Butylcarbamate, Phenoxyethanol, Sodium Benzoate, Ci 73360""",,50000,https://filebroker-cdn.lazada.co.id/kf/S6d47784311a6480098997eb8d3a3e7adl.jpg,https://s.shopee.co.id/70BIXYivAS
Safi Age Defy Cream Cleanser,Facial Wash,"""Aqua, Myristic Acid, Glycerin, Stearic Acid, Palmitic Acid, Potassium Hydroxide, Potassium Cocoyl Glycinate, Methylpropanediol, Glyceryl Stearate, Avocado (Persea Gratissima) Oil, Lauric Acid, Mica, Pentasodium Triphosphate, Polyquaternium-10, BHT, Tetrasodium EDTA, Carnosine, Acetyl Heptapeptide-9, Colloidal Gold, Sericin, Sodium Ascorbyl Phosphate, Fragrance, Methylisothiazolinone, Ci 77491, Ci 77891""",Cream,53000,https://images.tokopedia.net/img/cache/700/o3syd0/1997/1/1/28e39de4856f476bbed4a830ba413a73~.jpeg,https://s.shopee.co.id/10u5OYI94c
Pratista Acne Facial Wash,Facial Wash,"""Aqua, Sodium Laureth Sulfate, Cocamidopropyl Betaine, Sodium Chloride, Glycol Distearate, Tea Tree (Melaleuca Alternifolia) Oil, Phenoxyethanol, Methylparaben, Ethylparaben, Butylparaben, Propylparaben, Potassium Hydroxide""",Gel,57000,https://id-test-11.slatic.net/p/614c89b8c2a1051f78fb55bdb82bd784.jpg,https://s.shopee.co.id/AUlAi2XxZy
"Kojie san
Facial Wash",Facial Wash,"""Water, Stearic Acid, Lauric Acid, Myristic Acid, Glycerin, Sodium Lauroamphoacetate, Potassium Hydroxide, Glycol Distearate, Decyl Glucoside, Coco-Glucoside, Glyceryl Oleate, Lactobacillus Ferment, Avena Sativa Kernel Extract, Sodium Benzoate, Potassium Sorbate, Saccharide Isomerate, Citric Acid, Sodium Citrate, Acrylates Copolymer, Cocamide MEA, Fragrance, Kojic Acid, Propanediol, Rhamnose, Glucose, Glucuronic Acid, Butylene Glycol, Hydrolyzed Yeast Protein, Fomes Officinalis (Mushroom) Extract, Pyridoxine, Niacinamide (Vitamin B3), Panthenol (Vitamin B5), Allantoin, Threonine, Biotin, Iodopropynyl Butylcarbamate, Phenoxyethanol, Menthyl Lactate, Polyquaternium-7, EDTA""",Cream,80000,https://id-live-01.slatic.net/p/8ac06f9429b0b66bcaffa373caf7ee78.jpg,https://s.shopee.co.id/AA8KJRuxdO
"Shinzu'i
Whitessentials Facial Wash",Facial Wash,"""Aqua, Glycerin, Myristic Acid, Stearic Acid, Potassium Hydroxide, Lauryl Glucoside, Lauric Acid, Niacinamide, Cocamidopropyl Betaine, Potassium Cocoyl Glycinate, Glyceryl Stearate, Glycol Distearate, Parfum, Phenoxyethanol, Potassium Cocoate, Sodium Chloride, Hydroxypropyl Methylcellulose, Pentaerythrityl Tetra-Di-T-Butyl Hydroxyhydrocinnamate, Ascorbyl Glucoside, Hydrolyzed Tremella Fuciformis Sporocarp Extract, Potassium Sorbate""",Cream,34000,https://binakaryaprima.com/wp-content/uploads/2024/08/whiteessentials_products_1.webp,https://s.shopee.co.id/7AUijxRuKN
"Skin game
Kindness Facial Wash",Facial Wash,"""Aqua, Cocamidopropyl Betaine, Propylene Glycol, Trehalose, Hydroxypropyl Methylcellulose, Phenoxyethanol, Panthenol, Chlorphenesin, Triethylene Glycol, Disodium EDTA""",Gel,77000,https://skingameofficial.com/cdn/shop/files/Kind_Hydrating_Facial_Wash-04_2048x.jpg,https://s.shopee.co.id/8zwMvMOWIe
"Mustika Ratu
Brightening Bengkoang Facial Wash
",Facial Wash,"""Aqua, Cocamidopropyl Betaine, Glycerin, Lauric Acid, Pachyrrhizus Erosus (Yam Bean) Root Extract, Myristic Acid, Niacinamide, Palmitic Acid, Sodium Lauroyl Sarcosinate, Butylene Glycol, Stearic Acid, Glyceryl Monostearate, Potassium Hydroxide, Sodium Ascorbyl Phosphate, Hydrated Silica, Phenoxyethanol, Rosa Canina (Rosehip) Seed Oil, Allantoin, Fragrance, EDTA, Glycyrrhiza Glabra (Licorice) Root Extract, Ci 77891""",Lotion,23000,https://images.tokopedia.net/img/cache/700/hDjmkQ/2025/2/21/09bcfaf1-276f-4e90-98ca-8ae37914c2bb.jpg,https://s.shopee.co.id/9KZDK0RBcx
"Shiseido Senka
Perfect Whip Facial Wash",Facial Wash,"""Water, Potassium Stearate, PEG-8, Potassium Myristate, Glycerin, Potassium Laurate, Dipropylene Glycol, Stearic Acid, Butylene Glycol, Glyceryl Stearate SE, Myristic Acid, Lauric Acid, Polyquaternium-7, Beeswax, Phytosteryl/​Octyldodecyl Lauroyl Glutamate, Disodium EDTA, Fragrance""",Cream,40000,https://5.imimg.com/data5/ANDROID/Default/2023/7/323100778/AL/GM/WK/17761619/product-jpeg.jpg,https://s.shopee.co.id/gHF06JqLJ
"Cetaphil
Facial Wash Cetaphil Gentle Cleanser",Facial Wash,"""Water, Glycerin, Cetearyl Alcohol, Panthenol, Niacinamide, Pantolactone, Xanthan Gum, Sodium Cocoyl Isethionate, Sodium Benzoate, Citric Acid""",Foam,300000,https://down-id.img.susercontent.com/file/id-11134207-81ztq-meo3r3lbc7i808,https://s.shopee.co.id/8fJWWpSeN0
"Nuface
Nu Glow Brighten Facial Wash",Facial Wash,"""Aqua, Glyserin, Myristic Acid, Palmitic Acid, Lauric Acid, Stearic Acid, Potassium Hydroxide, Polyquaternium-7, Cocamidopropyl Betaine, Glycol Distearate, Glyceryl Stearate, Laureth-4, Phenoxyethanol, Perfume, PEG-100 Stearate, Disodium EDTA, Allantoin, Sodium Metabisulfite, Niacinamide, Sodium Benzoate, Formic Acid, Ethyl Ascorbic Acid, Glycyrrhiza Glabra Root Extract, 1,2-Hexanediol, Butylene Glycol, Sodium Hyaluronate, Hyaluronic Acid, Hydrolyzed Hyaluronic Acid, Potassium Hyaluronate, Hydroxypropyltrimonium Hyaluronate, Hydrolyzed Sodium Hyaluronate, PEG-9 Diglycidyl Ether Sodium Hyaluronate Crosspolymer, Sodium Acetylated Hyaluronate""
",Gel,23000,https://id-test-11.slatic.net/p/4eea0ca4d6064c245d99def54953e6b3.jpg,https://s.shopee.co.id/1BDVb4KmfQ
Glad2Glow Milk Cleanser Amino Acids Gentle Deep Cleansing Face Wash,Facial Wash,"""Aqua, Potassium Palm Kernelate, Potassium Cocoate, Potassium Cocoyl Glycinate, Sodium Cocoyl Glycinate, Lauryl Hydroxysultaine, Milk Protein Extract, Glycol Distearate, Niacinamide, Arginine, Ceramide EOP, Ceramide NS, Ceramide NP, Ceramide AS, Ceramide AP, Propylene Glycol, Potassium Palmitate, Sodium Methyl Lauroyl Taurate, Sodium Chloride, Hydroxypropyl Methylcellulose, Polyquaternium-43, Polyquaternium-7, Stearic Acid, Hydroxystearic Acid, Methylparaben, Propylparaben, Sodium Benzoate, Aroma""",Foam,42000,https://down-bs-id.img.susercontent.com/id-11134207-7ra0p-mcin3039rmzbfe.webp,https://s.shopee.co.id/10u6ehIpEs
Glad2Glow Blueberry Ceramide Low pH Gel Cleanser,Facial Wash,"""Aqua, Potassium Cocoyl Glycinate, Acrylates/​Steareth-20 Methacrylate Crosspolymer, Sodium Lauroamphoacetate, Vaccinium Angustifolium Fruit Extract, Potassium Cocoate, Ceramide EOP, Ceramide NP, Ceramide AS, Ceramide AP, Lauryl Hydroxysultaine, Centella Asiatica Leaf Extract, Hydrogenated Starch Hydrolysate, Sodium Chloride, Glycosyl Trehalose, Potassium Hydroxide, Caprylyl Glycol, Disodium EDTA, Aroma, Phenoxyethanol""",Gel,49000,https://down-bs-id.img.susercontent.com/id-11134207-81ztp-mfgl0qon6dce8b.webp,https://s.shopee.co.id/7fR0bD0O85
WARDAH Perfect Bright Creamy Foam Brigtening+Oil Control,Facial Wash,"Myristic Acid, Glycerin, Aqua, Propylene Glycol, Potassium Hydroxide, Stearic Acid, Glycol Distearate, Lauric Acid, Glyceryl Stearate, Decyl Glucoside, Olive Oil PEG-7 Esters, Fragrance, Niacinamide, Phenoxyethanol, Ethylhexylglycerin, Kaolin, Panthenol, Silica, Disodium EDTA, Polyquaternium-7, Sodium Benzoate, Butylene Glycol, Isomalt, Vaccinium Macrocarpon Fruit Extract, Euterpe Oleracea Fruit Extract, Potassium Sorbate, Callicarpa Japonica Fruit Extract, Lecithin, Lycium Barbarum Callus Culture Extract",Cream,27000,https://down-bs-id.img.susercontent.com/id-11134207-7rasi-m19bf6y3ecbr5f.webp,https://s.shopee.co.id/9pVVBPunpr
Azarine Active Bright - Brightening Creamy Facial Foam,Facial Wash,"""Aqua, Sodium Laureth Sulfate, Cocamidopropyl Betaine, Glycerin, Niacinamide, Glycol Distearate, Arbutin, Citric Acid, Sodium PCA, DMDM Hydantoin, Phenoxyethanol, Fragrance, Sodium Hyaluronate, Disodium EDTA""",Cream,24000,https://down-bs-id.img.susercontent.com/id-11134207-81ztm-mf94lxjdsm4o94.webp,https://s.shopee.co.id/2B643MjO0B
SKINTIFIC - Panthenol Gentle Gel Cleanser,Facial Wash,"""Aqua, Potassium Cocoyl Glycinate, Panthenol, Potassium Cocoate, Acrylates/​Steareth-20 Methacrylate Crosspolymer, Sodium Lauroamphoacetate, Centella Asiatica Extract, Glyserin, Decyl Glucoside, Ceramide NP, Ceramide Ns/​Ng, Ceramide AS, Ceramide EOP, Ceramide AP, Sodium Polyaspartate, Butylene Glycol, 1,2-Hexanediol, Pentylene Glycol, Propanediol, Methyl Diisopropyl Propionamide, Ethyl Menthane Carboxamide, Menthyl Lactate, Hydroxypropyl Cellulose, Isopropyl Palmitate, Trehalose, Serine, Algin, Caprylyl Glycol, Sodium Hyaluronate, Pullulan, Disodium Phosphate, Potassium Phosphate, Hydrogenated Lecithin, Polyglyceryl-10 Stearate, Ethylhexylglycerin""",Gel,59000,https://down-zl-id.img.susercontent.com/id-11134207-81zte-mf3wwzt1x5ov26.webp,https://s.shopee.co.id/9KZEb4iAEt
Dr.Leo Moisturizing Facial Cleanser Kontrol Minyak & Jerawat Facial Wash,Facial Wash,"""Water, Glycerin, Dipropylene Glycol, Sodium Cocoamphoacetate, Chondrus Crispus, Potassium Cocoyl Glycinate, Sodium Lauroyl Sarcosinate, Potassium Cocoate, Decyl Glucoside, Sodium Polyacrylate, Propanediol, Xanthan Gum, Trehalose, Dipotassium Glycyrrhizate, Sodium Lauroyl Glutamate, Acacia Senegal Gum, Decylene Glycol, Glyceryl Caprylate, Serenoa Serrulata Fruit Extract, Cinnamomum Cassia Bark Extract, Hydrated Silica, Butylene Glycol, Betaine, Sapindus Mukorossi Peel Extract, Panthenol, Sodium PCA, Chondrus Crispus Extract, 1,2-Hexanediol, Escin, Sorbitol, Threonine, Arginine, Lysine, Alanine, Glutamic Acid, Glycine, Serine, Proline, Ruscus Aculeatus Root Extract, Ammonium Glycyrrhizate, Phenoxyethanol, Centella Asiatica Leaf Extract, Hydrolyzed Yeast Protein, Calendula Officinalis Flower Extract, Hydroxyacetophenone, Gluconolactone, Sodium Citrate, Sodium Benzoate, Sodium Hyaluronate""",Cream,73000,https://down-zl-id.img.susercontent.com/id-11134207-7ra0t-md2w71mc287s57.webp,https://s.shopee.co.id/7AUk1F8ywi
Wardah C-defense Vitamin C + Panthenol Anti-Pollution Radiant Creamy Wash,Facial Wash,"""Aqua, Glycerin, Myristic Acid, Butylene Glycol, Potassium Hydroxide, Stearic Acid, Potassium Cocoyl Glycinate, Lauric Acid, Glyceryl Stearate, PEG-3 Distearate, Olive Oil PEG-7 Esters, Fragrance, Phenoxyethanol, Panthenol, Sodium Ascorbyl Phosphate, Hydroxypropyl Methylcellulose, Ethylhexylglycerin, Disodium EDTA, Polyquaternium-7, Sodium Benzoate, Vitis Vinifera (Grape) Seed Extract""",Cream,32000,https://down-zl-id.img.susercontent.com/id-11134207-7rbkb-m9bn5jmhqfi3d2.webp,https://s.shopee.co.id/4q6pF4EtpT
Wardah Cica + Aloe Low pH Hydramild Facial Wash Nature Daily,Facial Wash,"""Aqua, Acrylates Copolymer, Cocamidopropyl Betaine, Propylene Glycol, Glycerin, Sodium Lauroyl Sarcosinate, Decyl Glucoside, Sodium PCA, Potassium Cocoyl Glycinate, Sodium Laureth Sulfate, Potassium Cocoate, Sodium Chloride, Phenoxyethanol, Sodium Hydroxide, Dmdm Hydantoin, Ethylhexylglycerin, Disodium EDTA, Aloe Barbadensis (Aloe Vera) Leaf Extract, Potassium Sorbate, Sodium Benzoate""",Gel,34000,https://down-zl-id.img.susercontent.com/sg-11134201-7rdwr-mdjodloym32435.webp,https://s.shopee.co.id/AKRlnUQ5f4
Hanasui Glow Expert Gentle Cleanser,Facial Wash,"""Aqua, Glycerin, Sodium Cocoyl Glycinate, Disodium Cocoyl Glutamate, Betaine, Hydroxypropyl Starch Phosphate, Lauramidopropyl Betaine, Niacinamide, Citric Acid, Phenoxyethanol, Inositol, Tocopheryl Acetate, Butylene Glycol, Sodium Chloride, Acetyl Glycyl Beta-Alanine, Allantoin, Mandelic Acid, Panthenol, Disodium EDTA, Ethylhexyl-Glycerin, Glycyrrhiza Glabra Root Extract, Fragrance""",Gel,23000,https://down-zl-id.img.susercontent.com/id-11134207-7ra0t-md0hpl9pjndk75.webp,https://s.shopee.co.id/3AybGbOEzu
CLEAN & CLEAR Foaming Facial Wash,Facial Wash,"""Water, Triethanolamine, Glycerin, Myristic Acid, Lauric Acid, Cocamidopropyl Betaine, Lauryl Phosphate, Hydroxypropyl Methylcellulose, Fragrance, Pentasodium Triphosphate, O-Cymen-5-Ol (Isopropyl Methtylphenol), Benzophenone-4, Butylated Hydroxytoluene""",Lotion,34000,https://down-ws-id.img.susercontent.com/id-11134201-7qukz-les8sn228gw7bc.webp,https://s.shopee.co.id/6Kvd2YmtZy
WARDAH Lightening Low pH Nano Niacinamide Low Molecular Hyaluronic Gentle Facial Wash,Facial Wash,"""Aqua, Glycerin, Cocamidopropyl Betaine, Cocamide DEA, Sodium Laureth Sulfate, PEG-3 Distearate, Sodium Chloride, Potassium Laureth Phosphate, Sodium Methyl Cocoyl Taurate, Sodium Lauroyl Sarcosinate, Niacinamide, Glycyrrhiza Glabra (Licorice) Root Extract, Fragrance, Propylene Glycol, Phenoxyethanol, Acrylates/C10-30 Alkyl Acrylate Crosspolymer, Ethylhexylglycerin, Triethanolamine, Citric Acid""",Foam,34000,https://down-ws-id.img.susercontent.com/id-11134207-81zti-metgf4ahjj0m0b.webp,https://s.shopee.co.id/gHGIOb7ou
SKINTIFIC - 3X Acid Acne Gel Cleanser,Facial Wash,"""Aqua, Potassium Cocoyl Glycinate, Hydrogenated Starch Hydrolysate, Acrylates/​Steareth-20 Methacrylate Crosspolymer, Potassium Cocoate, Sodium Lauroamphoacetate, Lauryl Hydroxysultaine, Phenoxyethanol, Erythritol, Betaine, Caprylyl Glycol, C12-13 Alketh-9, Parfum, Potassium Hydroxide, Sodium Chloride, Disodium EDTA, Glycosyl Trehalose, Dipropylene Glycol, Quaternium-73, Caramel, Hydroxyacetophenone, Salicylic Acid, Allantoin, Lactobionic Acid, Lactic Acid, Butylene Glycol, Hydroxypropyl Cyclodextrin, Ci 19140, Centella Asiatica Extract, 1,2-Hexanediol, Ci 42100, Ethylhexylglycerin""",Foam,77000,https://down-ws-id.img.susercontent.com/id-11134207-81zti-mey9pivvpnuv9a.webp,https://s.shopee.co.id/2LPUHhBah2
SKINTIFIC Niacinamide Brightening Cleanser,Facial Wash,"""Aqua, Glycerin, Tranexamic Acid, Sodium Cocoyl Glycinate, Amino Acid, Lauryl Betaine, Hydroxypropyl Starch Phosphate, Citric Acid, Hyaluronic Acid, PEG-60 Glyceryl Isostearate, Sodium Chloride, Glyceryl Stearate SE, Coco-Glucoside, Phenoxyethanol, Sodium Cocoyl Isethionate, Sodium Phytate, Ethylhexylglycerin, Polyquaternium-7, 1,2-Hexanediol, Quillaja Saponaria Bark Extract, Sodium Benzoate, Ceramide NP, Ceramide EOP, Ceramide AP, Centella Asiatica Extract, Niacinamide, Ceramide AS, Panthenol, Ceramide NS, Arginine, Butylene Glycol, Hydrogenated Lecithin, Cetearyl Alcohol, Tocopherol, Stearic Acid, Ascorbic Acid, Sodium Hyaluronate, Cholesterol, Phytosphingosine""",Cream,90000,https://down-ws-id.img.susercontent.com/id-11134207-7r991-lx83ho3368wd68.webp,https://s.shopee.co.id/1qTDgyYhXu
COSRX Low pH Good Morning Cleanser,Facial Wash,"Water, Cocamidopropyl Betaine, Sodium Lauroyl Methyl Isethionate, Sodium Chloride, Polysorbate 20, Styrax Japonicus Branch/​Fruit/​Leaf Extract, Butylene Glycol, Saccharomyces Ferment, Cryptomeria Japonica Leaf Extract, Nelumbo Nucifera Leaf Extract, Pinus Palustris Leaf Extract, Ulmus Davidiana Root Extract, Oenothera Biennis (Evening Primrose) Flower Extract, Pueraria Lobata Root Extract, Melaleuca Alternifolia (Tea Tree) Leaf Oil, Allantoin, Caprylyl Glycol, Ethylhexylglycerin, Betaine Salicylate, Citric Acid, Ethyl Hexanediol, 1,2-Hexanediol, Trisodium Ethylenediamine Disuccinate, Sodium Benzoate, Disodium EDTA",Gel,117000,https://down-ws-id.img.susercontent.com/fc9d8519c4b87f756d764e1172dabb5c.webp,https://s.shopee.co.id/8KghR4oFVs
Mineral Botanica Perfect Purifying Facial Foam,Facial Wash,"Aqua, Glycerin, Cocamidopropyl Betaine, Stearic Acid, Propylene Glycol, Sodium Laureth Sulfate, Lauric Acid, Lauryl Betaine, Myristic Acid, Palmitic Acid, Potassium Hydroxide, Niacinamide, Glycol Stearate, Glycyrrhiza Glabra (Root) Extract, Cocamide DEA, Centella Asiatica Leaf Extract, Salicylic Acid, Ethylhexylglycerin, Butylene Glycol, Sodium Lauroyl Methylaminopropionate, Alcohol, Hydroxypropyl Methylcellulose, Phenoxyethanol, Fragrance, DMDM Hydantoin, Disodium EDTA, Triclosan, Potassium Sorbate, Sodium Benzoate, Sodium Chloride",Foam,26500,https://down-cvs-id.img.susercontent.com/id-11134207-7rbkc-m6qxx090e1do3a.webp,https://s.shopee.co.id/3LI1UNM76q
Moriganic Mugwort Facial Wash,Facial Wash,"""Aqua, Cocamidopropyl Betaine, Sodium Cocoamphoacetate, Sodium Cocoyl Isethionate, Lauroyl Methyl Glucamide, Phenoxyethanol, Glycerin, Artemisia Capillaris Extract, Aloe Barbadensis Leaf Extract, Propanediol, Butylene Glycol, 1,2-Hexanediol, Centella Asiatica Extract, Polygonum Cuspidatum Root Extract, Scutellaria Baicalensis Root Extract, Camellia Sinensis Leaf Extract, Glycyrrhiza Glabra Root Extract, Chamomilla Recutita (Matricaria) Flower Extract, Rosmarinus Officinalis, Rosemary Leaf Oil, Ci 42053""",Foam,69000,https://down-cvs-id.img.susercontent.com/id-11134207-7rasl-m34nqa1myc4cb9.webp,https://s.shopee.co.id/8pcy2l32UT
ELFORMULA Daily Gentle Low pH Facial Cleanser,Facial Wash,"""Water, Sodium Cocoyl Glycinate, Glycerin, Palmitoyl Glycine, Sodium Stearoyl Glutamate, Sorbitol, Sodium Lauroyl Glutamate, Sodium Methyl Cocoyl Taurate, Cocamidopropyl Betaine, Sodium Chloride, PEG-150 Distearate, Calendula Extract, Centella Asiatica Extract, Portulaca Oleracea Extract, Niacinamide, Dipotassium Glycyrrhizinate, Sodium Hyaluronate, Butanediol, 1,2-Pentanediol, Hydroxyphenyl Propionamide, Benzoic Acid, Menthol, Polyethylene Glycol-14M, Chlorphenesin, Phenoxyethanol""",Cream,136000,https://down-cvs-id.img.susercontent.com/id-11134207-7rasj-m570uwr9x33c2a.webp,https://s.shopee.co.id/AUlC1ynypc
ElsheSkin Barrier+ pH Balance Jelly Cleanser,Facial Wash,"""Water, Potassium Laureth Phosphate, Glycerin, Butylene Glycol, Potassium Cocoyl Glutamate, Acrylates/​C10-30 Alkyl Acrylate Crosspolymer, Panthenol, Aspartic Acid, Caprylyl Glycol, Sodium Cocoyl Glutamate, Avena Sativa (Oat) Kernel Extract, 1,2-Hexanediol, Lauryl Hydroxysultaine, Glyceryl Caprylate, Pentylene Glycol, Methyl Diisopropyl Propionamide, Disodium EDTA, Allantoin, Anthemis Nobilis (Chamomile) Flower Extract, Hydroxyphenyl Propamidobenzoic Acid, Salvia Officinalis (Sage) Leaf Extract, Polysorbate 80, Guaiazulene, Ascorbyl Palmitate""",Gel,73000,https://down-cvs-id.img.susercontent.com/id-11134207-7ras8-m17we8vp3e9u2f.webp,https://s.shopee.co.id/4LAYgmmRO7
Elsheskin Radiant Glow Jelly Cleanser Facial Wash,Facial Wash,"""Aqua, Coco-Glucoside, Lauryl Glucoside, Cocamidopropyl Betaine, Butylene Glycol, Glycerin, Pentylene Glycol, Undecylenoyl Phenylalanine, Niacinamide, Alpha-Arbutin, Saccharide Isomerate, Arisaema Amurense Extract, Propylene Glycol, Xylitylglucoside, Sodium Benzoate, Anhydroxylitol, Xylitol, Aloe Barbadensis Leaf Extract, Hamamelis Virginiana Leaf Extract, Decyl Glucoside, 1,2-Hexanediol, Acrylates/​C10-30 Alkyl Acrylate Crosspolymer, PEG-120 Methyl Glucose Dioleate, Dimethylmethoxy Chromanyl Palmitate, Cystoseira TamariscIfolia Extract, Phenoxyethanol, Glutathione, Kojic Acid, Hydrolyzed Rice Bran Protein, Hydrolyzed Soy Protein, Kappaphycus Alvarezii Extract, Laminaria Saccharina Extract, Glycine, Potassium Sorbate, Glycine Soja (Soybean) Seed Extract, Maltodextrin, Pyrus Malus Fruit Extract, Ascorbic Acid, Vitis Vinifera Seed Extract, Citrus Limon Fruit Extract, Citric Acid, Vaccinium Myrtillus Fruit Extract, Saccharum Officinarum Extract, Citrus Aurantium Dulcis Fruit Extract, Acer Saccharum Extract, Prunus Persica Fruit Extract, Tranexamic Acid, Centella Asiatica Leaf Extract, Menthyl Lactate, PPG-26-Buteth-26, PEG-40 Hydrogenated Castor Oil, Ethylhexylglycerin, Disodium EDTA, Ethoxydiglycol""",Gel,67000,https://down-cvs-id.img.susercontent.com/id-11134207-7rbkb-mavafg782fte7d.webp,https://s.shopee.co.id/6fYTTC0Vfx
MS GLOW - FACIAL WASH SUPER CLEAN,Facial Wash,"""Potassium Cocoate, Potassium Cocoyl Glycinate, Glycerin, Sodium PCA, Niacinamide, Fragrances, Collagen, Glycyrrhiza Glabra Extract, Alpha-Arbutin, Phenoxyethanol, Aloe Barbadensis Extract, Papain, Palmitoyl Hydroxypropyltrimonium Amylopectin/​Glycerin Crosspolymer, Hydrogenated Lecithin, Tocopheryl Acetate, Ci 19140, Ci 42090""",Foam,59500,https://down-cvs-id.img.susercontent.com/id-11134207-7rbk6-m7abgu9vf9k720.webp,https://s.shopee.co.id/2ViuVoeqwf
Hanasui Acne Expert Gentle Cleanser,Facial Wash,"""Aqua, Glycerin, Sodium Cocoyl Glycinate, Lauramidopropyl Betaine, Disodium Cocoyl Glutamate, Betaine, Hydroxypropyl Starch Phosphate, Niacinamide, Citric Acid, Phenoxyethanol, Salicylic Acid, Allantoin, Fragrance, Disodium EDTA, Triethylene Glycol, Melaleuca Alternifolia (Tea Tree) Leaf Oil, Ci 42090, Ci 19140""",Gel,26000,https://down-tx-id.img.susercontent.com/id-11134207-7rasm-m5jopgwytbt2a2.webp,https://s.shopee.co.id/VxvNHzxCn
Glow & Lovely Dermaglow Multivitamin Facial Foam,Facial Wash,"""Myristic Acid, Glycerin, Water, Propylene Glycol, Potassium Hydroxide, Stearic Acid, Lauric Acid, Glycol Distearate, Decyl Glucoside, Palmitic Acid, Hydroxystearic Acid, Glyceryl Stearate, Niacinamide, Tocopheryl Acetate, Sodium Ascorbyl Phosphate, Pyridoxine Hcl, Fragrance, Phenoxyethanol, Menthol, Polyquaternium-7, Piroctone Olamine, Disodium EDTA, Arachidic Acid, Sodium Benzoate""",Foam,18000,https://down-tx-id.img.susercontent.com/id-11134207-7r98x-lw5b1wfogxeyd7.webp,https://s.shopee.co.id/BL4yl7jAw
NPURE Cleanser Gel Noni Mini,Facial Wash,"""Water, Glycerin, Coco-Betaine, Morinda Citrifolia Fruit Extract, Pentylene Glycol, Xanthan Gum, Sodium Chloride, Coco-Glucoside, Glyceryl Caprylate, Caprylyl Glycol, Decyl Glucoside, Betaine, Butylene Glycol, Bisabolol, Sodium Cocoyl Isethionate, 1,2-Hexanediol, Disodium EDTA, Anthemis Nobilis Flower Extract, Citric Acid, Quillaja Saponaria Bark Extract, Ethylhexylglycerin, Allantoin, Caffeine, Caprylic/​Capric Triglyceride, Leuconostoc/​Radish Root Ferment Filtrate, Lactobacillus/​Soybean Ferment Extract, Lactobacillus Ferment, Lactobacillus/​Acerola Cherry Ferment, Lactococcus Ferment, Bifida Ferment Filtrate, Lactococcus Ferment Lysate, Lactobacillus/​Punica Granatum Fruit Ferment Extract, Lactobacillus Ferment Lysate, Hydrogenated Lecithin, Ceramide NP""",Gel,31500,https://down-tx-id.img.susercontent.com/id-11134207-7rbk0-ma2k7fuli5m57e.webp,https://s.shopee.co.id/4ArDkCUDOj
FACERINNA Low pH B5 Gentle Cleanser,Facial Wash,"""Aqua, Sodium Lauroyl Glutamate, Panthenol, Sodium Lauroyl Sarcosinate, Acrylates/​C10-30 Alkyl Acrylate Crosspolymer, Sodium Cocoyl Apple Amino Acids, 1,2-Hexanediol, Hydroxyacetophenone, Citric Acid, Hexylene Glycol, Allantoin, Centella Asiatica Leaf Extract, Tremella Fuciformis Extract, Sodium Hyaluronate, Cetyl Alcohol, Styrene/​Acrylates Copolymer, Tetrasodium Glutamate Diacetate""",Gel,47000,https://down-tx-id.img.susercontent.com/id-11134201-81zti-mfm811trcv7v25.webp,https://s.shopee.co.id/2VizlBvLYi
Hanasui Glow Expert Gentle Cleanser,Facial Wash,"""Aqua, Glycerin, Sodium Cocoyl Glycinate, Disodium Cocoyl Glutamate, Betaine, Hydroxypropyl Starch Phosphate, Lauramidopropyl Betaine, Niacinamide, Citric Acid, Phenoxyethanol, Inositol, Tocopheryl Acetate, Butylene Glycol, Sodium Chloride, Acetyl Glycyl Beta-Alanine, Allantoin, Mandelic Acid, Panthenol, Disodium EDTA, Ethylhexyl-Glycerin, Glycyrrhiza Glabra Root Extract, Fragrance""",Foam,28000,https://down-tx-id.img.susercontent.com/id-11134207-7rasd-m31gflqrabcdd1.webp,https://s.shopee.co.id/6pryvGl1ns
SKIN1004 Madagascar Centella Ampoule Foam,Facial Wash,"""Centella Asiatica Extract, Sodium Cocoyl Isethionate, Glycerin, Water, Sodium Methyl Cocoyl Taurate, Coco-Betaine, Potassium Cocoyl Glycinate, 1,2-Hexanediol, Sodium Chloride, Potassium Cocoate, Potassium Benzoate, Polyquaternium-67, Citric Acid, Dextrin, Sodium Bicarbonate, Theobroma Cacao (Cocoa) Extract, Disodium EDTA, Sodium Acetate, Butylene Glycol, Coptis Chinensis Root Extract, Sodium Hyaluronate, Eclipta Prostrata Extract, Coccinia Indica Fruit Extract""",Foam,149000,https://down-tx-id.img.susercontent.com/id-11134207-7r98p-lnwl6huoo28re7.webp,https://s.shopee.co.id/gHLa2nnpP
SKIN1004 Madagascar Centella Tone Brightening Cleansing Gel Foam,Facial Wash,"""Centella Asiatica Extract (41%), Water, Lauryl Hydroxysultaine, Glycerin, Disodium Cocoamphodiacetate, Potassium Cocoyl Glycinate, Sodium Chloride, Potassium Cocoate, Sodium Lauroyl Glutamate, Vitis Vinifera (Grape) Fruit Extract, Pyrus Malus (Apple) Fruit Extract, Carica Papaya (Papaya) Fruit Extract, Prunus Mume Fruit Extract, Madecassoside, 1,2-Hexanediol, Xylitylglucoside, Anhydroxylitol, Xylitol, Niacinamide, Acrylates/C10-30 Alkyl Acrylate Crosspolymer, 3-O-Ethyl Ascorbic Acid, Trehalose, Butylene Glycol, Panthenol, Agave Tequilana Leaf Extract, Glucose, Caprylic/Capric Triglyceride, Hexylene Glycol, Pentylene Glycol, Citric Acid, Potassium Benzoate, Ethylhexylglycerin, Disodium EDTA.""",Foam,149000,https://down-tx-id.img.susercontent.com/id-11134207-7r98x-lp4xohy22o378e.webp,https://s.shopee.co.id/VxvNtJrV2
WARDAH Heartleaf + 8X NMF Amino Calm & Soothe Gel Cleanser,Facial Wash,"""Aqua, Glycerin, Cocamidopropyl Betaine, Propanediol, Hydroxypropyl Bis-Hydroxyethyldimonium Chloride, Sodium Methyl Cocoyl Taurate, Sodium Benzoate, Panthenol, Trehalose, Acrylates/​C10-30 Alkyl Acrylate Crosspolymer, Xanthan Gum, Sodium Chloride, Saccharide Isomerate, Allantoin, Polyquaternium-39, Chlorphenesin, Glyceryl Polyacrylate, Potassium Hydroxide, Disodium EDTA, Butylene Glycol, Betaine, Sodium PCA, Citric Acid, Sodium Citrate, Sodium Lactate, Pca, Houttuynia Cordata Extract, Serine, Alanine, Glycine, Glutamic Acid, Lysine Hcl, Threonine, Arginine, Pentylene Glycol, Beta-Glucan, Caprylyl Glycol, Proline""",Gel,86000,https://down-tx-id.img.susercontent.com/id-11134207-81ztc-menqxn9rhp1gab.webp,https://s.shopee.co.id/8fJd76X4sk
) Dear Me Beauty Skin Barrier face gel cleanser,Facial Wash,"""Water, Potassium Laureth Phosphate, Glycerin, Betaine, Potassium Cocoyl Glutamate, Acrylates/​C10-30 Alkyl Acrylate Crosspolymer, Butylene Glycol, Aspartic Acid, Caprylyl Glycol, Sodium Cocoyl Glutamate, Lauryl Hydroxysultaine, 1,2-Hexanediol, Glyceryl Caprylate, Disodium EDTA, Allantoin, Sodium Lauroyl Lactylate, Sodium Hyaluronate, Ceramide NP, Ceramide AP, Phytosphingosine, Cholesterol, Xanthan Gum, Carbomer, Ceramide EOP""",Gel,52000,https://down-bs-id.img.susercontent.com/id-11134207-7rase-m41f9pdk1svid1.webp,https://s.shopee.co.id/AUlHKL9yC1
Scora 1% Salicylic Acid Gentle Low pH Cleanser,Facial Wash,"""Aqua, Cocamidopropyl Betaine, Glycerin, Salicylic Acid, Acrylates Copolymer, Sodium Lauroyl Methylaminopropionate, Citric Acid, Allantoin, Sodium Benzoate, Potassium Hydroxide, Sodium PCA, Potassium Cocoyl Glycinate, Panthenol, Potassium Cocoate, Sodium Benzoate, Mannitol, Microcrystalline Cellulose, Sucrose, Zea Mays (Corn) Starch, Hydroxypropyl Methylcellulose, Mica, Titanium Dioxide, Ectoin""",Gel,37000,https://down-bs-id.img.susercontent.com/id-11134207-7r98v-lyxpqpx4r30o15.webp,https://s.shopee.co.id/5VMbNh5zPN
GLAD2GLOW Centella Salicylic Acid Acne Gel Cleanser,Facial Wash,"""Aqua, Potassium Cocoyl Glycinate, Hydrogenated Starch Hydrolysate, Acrylates/​Steareth-20 Methacrylate Crosspolymer, Centella Asiatica Extract, Potassium Cocoate, Salicylic Acid, Sodium Lauroamphoacetate, Lauryl Hydroxysultaine, Erythritol, Caprylyl Glycol, Potassium Hydroxide, Sodium Chloride, Disodium EDTA, Glycosyl Trehalose, Hydroxypropyl Cyclodextrin, Aroma, Phenoxyethanol""",Gel,38000,https://down-bs-id.img.susercontent.com/id-11134207-7rask-m0o9oq6tsido54.webp,https://s.shopee.co.id/5L3BBXBzi8
Mineral Botanica Perfect Purifying Facial Foam Triple Pack,Facial Wash,"""Aqua, Glycerin, Cocamidopropyl Betaine, Stearic Acid, Propylene Glycol, Sodium Laureth Sulfate, Lauric Acid, Lauryl Betaine, Myristic Acid, Palmitic Acid, Potassium Hydroxide, Niacinamide, Glycol Stearate, Glycyrrhiza Glabra (Root) Extract, Cocamide DEA, Centella Asiatica Leaf Extract, Salicylic Acid, Ethylhexylglycerin, Butylene Glycol, Sodium Lauroyl Methylaminopropionate, Alcohol, Hydroxypropyl Methylcellulose, Phenoxyethanol, Fragrance, DMDM Hydantoin, Disodium EDTA, Triclosan, Potassium Sorbate, Sodium Benzoate, Sodium Chloride""",Foam,77000,https://down-bs-id.img.susercontent.com/id-11134207-81ztm-melh7vuwclj55f.webp,https://s.shopee.co.id/20mjDVzRf9
SKINTIFlC Sensitive Soothe Cleanser,Facial Wash,"""Aqua, Sodium Cocoyl Glycinate, Sodium Lauroamphoacetate, Acrylates/​Steareth-20 Methacrylate Crosspolymer, Potassium Laureth Phosphate, Cocamidopropyl Betaine, Sodium Cocoyl Amino Acids, Sodium Chloride, Phenoxyethanol, Glycerin, Sodium Citrate, Polyquaternium-7, Hydroxyacetophenone, Citric Acid, Glyceryl Glucoside, Bisabolol, Betaine, Ethylhexylglycerin, Dipotassium Glycyrrhizate, Sodium Methyltaurate, Sodium Sarcosinate, Disodium EDTA, Sodium Benzoate, Sodium Lauryl Sulfate""",Cream,60000,https://down-bs-id.img.susercontent.com/sg-11134201-824h9-mfjr5e5lzrpn1d.webp,https://s.shopee.co.id/5pzRmiGpKO
Y.O.U Hy! Amino Facialwash,Facial Wash,"""Water, Sodium Laureth Sulfate, Cocamidopropyl Betaine, Sodium Laureth Sulfate, Sekken Soji, Sodium Chloride, Glycol Stearate, Decyl Glucoside, Phenoxyethanol, Sodium Benzoate, Potassium Laureth Phosphate, Distearyl Phthalic Acid Amide, Cocamide MEA, Acrylates Copolymer, PEG-120 Methyl Glucose Dioleate, PEG-40 Hydrogenated Castor Oil, Glyserin, Citric Acid, Disodium EDTA, Melaleuca Alternifolia Leaf Oil, Butylene Glycol, Centella Asiatica Leaf Extract, Salicylic Acid, Hyaluronic Acid, Pentylene Glycol, Moringa Oleifera Seed Extract, Serine, Histidine, Threonine, Aspartic Acid, Sodium Acetylated Hyaluronate, Sodium Hyaluronate, 1,2-Hexanediol, Sodium Hyaluronate Crosspolymer, Hydroxyacetophenone, Hydrolyzed Sodium Hyaluronate, Ethylhexylglycerin""",Cream,18000,https://down-tx-id.img.susercontent.com/id-11134207-7r98o-lpj15tma0sjqf1.webp,https://s.shopee.co.id/11eqIZtcY
GLAD2GLOW TREMELLA VITA B5 SENSITIVE CALMING GEL CLEANSER,Facial Wash,"""Aqua, Glycerin, Sodium Cocoyl Alaninate, Acrylates Copolymer, Panthenol, Centella Asiatica Leaf Extract, Hydroxyacetophenone, 1,2-Hexanediol, Potassium Hydroxide, Allantoin, Tremella Fuciformis Extract, Sodium Hyaluronate, Cetyl Alcohol, Maltooligosyl Glucoside, Citrus Paradisi Peel Oil, Citrus Aurantium Bergamia Fruit Oil, Styrene/​Acrylates Copolymer""",Cream,36000,https://down-tx-id.img.susercontent.com/id-11134207-7rbkb-m8kfct7uupum8d.webp,https://s.shopee.co.id/30fGPzFHvz
Poise Luminous Whitening Facial Foam,Facial Wash,"""Myristic Acid, Glycerin, Water, Propylene Glycol, Potassium Hydroxide, Lauric Acid, Glycol Distearate, Stearic Acid, Decyl Glucoside, Palmitic Acid, Glyceryl Monostearate, Parfum, Hydroxypropyl Starch Phosphate, Alpinia Katsumadai Seed Extract, Polyquaternium-6, Phenoxyethanol, Methylisothiazolinone, Disodium EDTA, Sodium Metabisulfite, Pentylene Glycol, Sodium Lactate, Lactic Acid, Serine, Urea, Sodium Chloride, Allantoin, Sorbitol""",Cream,23000,https://down-tx-id.img.susercontent.com/sg-11134301-7rdy1-mcw25o4ksav44e.webp,https://s.shopee.co.id/4fnUPFqQMU
Poise Anti Acne Solution Facial Foam,Facial Wash,"""Myristic Acid, Glycerin, Water, Propylene Glycol, Potassium Hydroxide, Lauric Acid, Glycol Distearate, Stearic Acid, Palmitic Acid, Glyceryl Monostearate, Perlite, Perfume, Kaolin, Hydroxypropyl Starch Phosphate, Capryloyl/​Caproyl Methyl Glucamide, Lauroyl/​Myristoyl Methyl Glucamide, Polyquaternium-6, O-Cymen-5-Ol, Phenoxyethanol, Methylisothiazolinone, Sodium Metabisulfite, Disodium EDTA, Pentylene Glycol, Sodium Lactate, Lactic Acid, Serine, Urea, Sodium Chloride, Allantoin, Sorbitol, Camellia Sinensis Leaf Extract, Ci 42090, Ci 47005""",Cream,22000,https://down-tx-id.img.susercontent.com/sg-11134301-7rdyd-mcvu7l5a23g90f.webp,https://s.shopee.co.id/AA8QxROzw0
Poise Clear Shine Facial Foam,Facial Wash,"""Myristic Acid, Glycerin, Water, Propylene Glycol, Potassium Hydroxide, Stearic Acid, Lauric Acid, Glycol Distearate, Decyl Glucoside, Palmitic Acid, Hydroxystearic Acid, Glyceryl Stearate, Citrus Limon (Lemon) Juice, Niacinamide, Tocopheryl Acetate, Sodium Ascorbyl Phosphate, Pyridoxine Hcl, Fragrance, Phenoxyethanol, Polyquaternium-7, Disodium EDTA, Piroctone Olamine, Arachidic Acid, Sodium Benzoate, Potassium Sorbate""",Cream,22000,https://down-tx-id.img.susercontent.com/sg-11134301-7rdwm-mcw1yzwu8d3i44.webp,https://s.shopee.co.id/40XncHM6Im
,Facial Wash,,,,,
,Facial Wash,,,,,
,Facial Wash,,,,,
,Facial Wash,,,,,
,Facial Wash,,,,,
,Facial Wash,,,,,
,Facial Wash,,,,,
,Facial Wash,,,,,
,Facial Wash,,,,,
,Facial Wash,,,,,
,Facial Wash,,,,,
,Facial Wash,,,,,
,Facial Wash,,,,,
,Facial Wash,,,,,
,Facial Wash,,,,,
,Facial Wash,,,,,
,Facial Wash,,,,,
,Facial Wash,,,,,
,Facial Wash,,,,,
,Facial Wash,,,,,
,Facial Wash,,,,,
,Facial Wash,,,,,
,Facial Wash,,,,,
,Facial Wash,,,,,
,Facial Wash,,,,,
,Facial Wash,,,,,
,Facial Wash,,,,,
,Facial Wash,,,,,
,Facial Wash,,,,,
,Facial Wash,,,,,
,Facial Wash,,,,,
,Facial Wash,,,,,
,Facial Wash,,,,,
,Facial Wash,,,,,
,Facial Wash,,,,,
,Facial Wash,,,,,
,Facial Wash,,,,,
Emina Bright Stuff Moisturizing,Moisturizer,"""Aqua, Stearic Acid, Niacinamide, Cyclopentasiloxane, Ethylhexyl Methoxycinnamate, Glycerin, Propanediol, Cyclohexasiloxane, Dimethicone, Cetyl Alcohol, Heptyl Glucoside, Octocrylene, Phenoxyethanol, Titanium Dioxide, Butyl Methoxydibenzoylmethane, Polyacrylate-13, Chlorphenesin, Butylene Glycol, Polyisobutene, Potassium Hydroxide, Allantoin, Fragrance, Tocopheryl Acetate, Polysorbate 20, Triethoxycaprylylsilane, Aluminum Hydroxide, Glycyrrhiza Glabra (Licorice) Root Extract, Actinidia Polygama Fruit Extract, Heptanol""
",Cream,27000,,https://s.shopee.co.id/qafCTZT0v
"Emina
Glorad Moisturizer",Moisturizer,"Aqua, Niacinamide, Dipropylene Glycol, Betaine, Butylene Glycol, Methyl Gluceth-20, Phenoxyethanol, Carbomer, Polyacrylate Crosspolymer-11, Cholesteryl Isostearate, Potassium Hydroxide, Chlorphenesin, Cholesteryl Chloride, Cholesteryl Nonanoate, Centella Asiatica Extract, Allantoin, Disodium EDTA, Scutellaria Baicalensis Root Extract, Polygonum Cuspidatum Root Extract, Camellia Sinensis Leaf Extract, Glycyrrhiza Glabra (Licorice) Root Extract, Chamomilla Recutita (Matricaria) Flower Extract, Rosmarinus Officinalis (Rosemary) Leaf Extract, Biosaccharide Gum-2, Glycerin, Hydrolyzed Hyaluronic Acid, Pentylene Glycol, Beta-Glucan, Alpha-Arbutin, Caprylyl Glycol, Fragrance, Sodium Chloride, Sodium Metabisulfite, Tranexamic Acid, Sodium Citrate, Silica Dimethyl Silylate, Citric Acid, Aminopropyl Ascorbyl Phosphate, Geranium Robertianum Extract, Paeonia Suffruticosa Root Extract, Thymus Serpyllum Extract, Alpinia Katsumadai Seed Extract, Glutathione, Lecithin, Ferulic Acid, Hydroxyethylcellulose, Laurdimonium Hydroxypropyl Hydrolyzed Soy Protein, Polysorbate 20, PEG-35 Castor Oil, PEG-40 Hydrogenated Castor Oil, Tocopheryl Acetate",Gel,42000, https://down-id.img.susercontent.com/file/sg-11134201-7rdw3-m1m4hqtqh5fj15.webp,https://s.shopee.co.id/LeObaItXQ
BIOAQUA 7X Ceramide Skin Barrier Repair Moisturizer Cream,Moisturizer,"""Aqua, Propylene Glycol, Sodium Hyaluronate, Cyclopentasiloxane, Isohexadecane, Glycereth - 26, Trehalose, Hamamelis Virginiana Extract, Hydroxyethyl Acrylate/​Sodium Acryloyldimethyl Taurate Copolymer, Ceramide NS, Ceramide NP, Ceramide NG, Ceramide EOS, Ceramide EOP, Ceramide AS, Ceramide AP, Sodium Acrylate/​Sodium Acryloyldimethyl Taurate Copolymer, Polysorbate 60, C20-22 Alkyl Phosphate, C20-22 Alcohols, Allantoin, Glyserin, Hydroxyacetophenone, Caprylhydroxamic Acid, Scutellaria Baicalensis Extract, Fucus Vesiculosus Extract, Centella Asiatica Extract, Opuntia Ficus-Indica Extract, Citrus Limon Peel Oil, Citrus Reticulata Fruit Extract, Triethanolamine, Salicylic Acid""
",Cream,45000,,
Cetaphil Moisturising Cream,Moisturizer,"""Water, Glycerin, Petrolatum, Dicaprylyl Ether, Dimethicone, Glyceryl Stearate, Cetyl Alcohol, Sunflower Seed Oil, PEG-30 Stearate, Panthenol, Niacinamide, Sweet Almond Oil, Tocopheryl Acetate, Pantolactone, Dimethiconol, Acrylates/​C 10-30 Alkyl, Acrylates Crosspolymer, Carbomer, Propylene Glycol, Disodium EDTA, Benzyl Alcohol, Phenoxyethanol, Sodium Hydroxide, Citric Acid""",Cream,148000,,
Wardah Nature Daily Aloe Hydramild Moisturizer Cream,Moisturizer,"""Aqua, Cetearyl Alcohol, Dimethicone, Glycerin, Isopropyl Myristate, Glyceryl Stearate, Ceteareth-33, Phenoxyethanol, PEG-100 Stearate, Propylene Glycol, Titanium Dioxide, Aloe Barbadensis (Aloe Vera) Leaf Extract, Fragrance, PEG-20 Stearate, Olive Oil PEG-7 Esters, Ethylhexylglycerin, Sodium Benzoate, Potassium Sorbate""
",Cream,26000,,
OLAY Total Effects 7 in One Day Cream Gentle SPF 15,Moisturizer,"""Water, Glycerin, Niacinamide, Ethylhexyl Salicylate, Butyl Methoxydibenzoylmethane, Isopropyl Isostearate, Octocrylene, Panthenol, Phenylbenzimidazole Sulfonic Acid, Acrylamide/​Sodium Acryloyldimethyltaurate Copolymer, Triethanolamine, Stearyl Alcohol, Tocopheryl Acetate, Benzyl Alcohol, PTFE, Cetyl Alcohol, Titanium Dioxide, C13-14 Isoparaffin, Behenyl Alcohol, Sucrose Polysoyate, Carbomer, Ethylparaben, Methylparaben, Laureth-7, Cetearyl Alcohol, Cetearyl Glucoside, PEG-100 Stearate, Propylparaben, Sodium Ascorbyl Phosphate, Disodium EDTA, BHT, Stearic Acid, Zinc Oxide, Iodopropynyl Butylcarbamate, Camellia Sinensis Leaf Extract""",Cream,137000,,
CeraVe Moisturising Cream,Moisturizer,"""Aqua/​Water, Glycerin, Cetearyl Alcohol, Caprylic/​Capric Triglyceride, Cetyl Alcohol, Ceteareth-20, Petrolatum, Dimethicone, Phenoxyethanol, Behentrimonium Methosulfate, Potassium Phosphate, Ethylhexylglycerin, Sodium Lauroyl Lactylate, Disodium EDTA, Dipotassium Phosphate, Ceramide NP, Ceramide AP, Phytosphingosine, Cholesterol, Xanthan Gum, Carbomer, Sodium Hyaluronate, Tocopherol, Ceramide EOP""",Cream,105000,,
NIVEA Cream Moisturizer,Moisturizer,"""Aqua, Glycerin, Paraffinum Liquidum, Myristyl Alcohol, Butylene Glycol, Alcohol Denat, (3.6% V/​V.) Stearic Acid, Myristyl Myristate, Cera Microcristallina, Glyceryl Stearate, Hydrogenated Coco-Glycerides, Simmondsia Chinensis Seed Oil, Tocopheryl Acetate, Lanolin Alcohol (Eucerit), Polyglyceryl-2 Caprate, Dimethicone, Sodium Carbomer, Phenoxyethanol, Parfum""",Cream,27000,,
Viva Queen Pro-Age Advance Moisturizer,Moisturizer,"""Aqua, Octyl Palmitate, Butylene Glycol, Pentylene Glycol, Cetearyl Alcohol, Propanediol, Dimethicone, Sodium PCA, Stearic Acid, Aluminum Starch Octenylsuccinate, Cetyl Alcohol, Persea Gratissima (Avocado) Oil, Glyceryl Stearate, PEG-100 Stearate, Phenoxyethanol, Ceteareth-20, Hdi/​Trimethylol Hexyllactone Crosspolymer, Perfume, Carbomer, Ethylhexylglycerin, Tocopheryl Acetate, Snail Secretion Filtrate, Sodium Hydroxide, Glyceryl Linoleate, Butylhydroxytoluene, Disodium EDTA, Sodium Lauroyl Lactylate, Triethylene Glycol, Glyceryl Oleate, Glyceryl Palmitate, Sodium Hyaluronate, Ethyl Hexanediol, Glyceryl Linolenate, Ceramide NP, Hydrolyzed Hyaluronic Acid, Silica, Ceramide AP, Phytosphingosine, Cholesterol, Xanthan Gum, Tocopherol, Glycine Soja (Soybean) Oil, Ceramide EOP""",Cream,54000,,
Harlette Oatmilk Day Creme,Moisturizer,"""Aqua, Isohexadecane, Ethylhexyl Methoxycinnamate, Butylene Glycol, Stearic Acid, C12-15 Alkyl Benzoate, Glycerol Stearate, Cetearyl Alcohol, Niacinamide, Avena Sativa (Oat) Kernel Extract, Oryza Sativa (Rice) Bran Extract, Inositol, Glycerin, Butyl Methoxydibenzoylmethane, Titanium Dioxide, Zinc Oxide, Dimethicone, PEG-100 Stearate, Polyacrylamide, C13-14 Isoparaffin, C9-11 Pareth-6, Allantoin, Parfum, Dmdm Hydantoin, Sodium Lactate, Tetrasodium EDTA""",Cream,75000,,
"Wardah
Vitamin C + Adenosine Radiant Charge Gel Moisturizer",Moisturizer,"""Aqua, Butylene Glycol, Trisiloxane, Ammonium Acryloyldimethyltaurate/​VP Copolymer, Trehalose, Cyclopentasiloxane, 3-O-Ethyl Ascorbic Acid, Allantoin, Adenosine, Actinidia Polygama Fruit Extract, Phenoxyethanol, Ascorbic Acid, Dimethicone, Polyglyceryl-3 Methylglucose Distearate, Polysorbate 20, Disodium EDTA, Ethylhexylglycerin, Dimethicone/​Vinyl Dimethicone Crosspolymer, 1,2-Hexanediol, Chondrus Crispus Powder, Synthetic Fluorphlogopite, Agar, Acrylates/​C10-30 Alkyl Acrylate Crosspolymer, Tromethamine, Gellan Gum, Trideceth-9, PEG-40 Hydrogenated Castor Oil, Fragrance, Squalane, Ci 77891, Ci 77492, Ci 19140, Ci 14720""",Gel,112000,,
"Wardah
Cica Complex + Panthenol Ceramide Calm & Soothe Gel Moisturizer",Moisturizer,"""Aqua, Niacinamide, Butylene Glycol, Propanediol, Centella Asiatica Extract, Panthenol, Ceramide NP, Saccharide Isomerate, Allantoin, Mirabilis Jalapa Extract, Glycerin, Xylitol, 1,2-Hexanediol, Acrylates/​C10-30 Alkyl Acrylate Crosspolymer, Ammonium Acryloyldimethyltaurate/​VP Copolymer, Aminomethyl Propanol, Caprylic/​Capric Triglyceride, Chlorphenesin, Caprylhydroxamic Acid, Disodium EDTA, Deoxyphytantriyl Palmitamide Mea, Hydrogenated Lecithin, Cholesterol, Citric Acid, Sodium Citrate""",Gel,112000,,
Wardah Tranexamic ɑ-Arbutin + 5% Niacinamide Dark Spot Corrector Gel Moisturizer,Moisturizer,"""Aqua, Niacinamide, Butylene Glycol, C13-15 Alkane, Dicaprylyl Ether, Butylene Glycol, Jojoba Esters, Glycerin, Arachidyl Alcohol, Ammonium Acryloyldimethyltaurate/​VP Copolymer, Bisabolol, Alpha-Arbutin, Actinidia Polygama Fruit Extract, Tranexamoyl Dipeptide-23, Leontopodium Alpinum Extract, Allantoin, Ceramide NP, Phenoxyethanol, Phenyl Trimethicone, Chlorphenesin, Behenyl Alcohol, Arachidyl Glucoside, Xanthan Gum, Caprylic/​Capric Triglyceride, Vinyl Dimethicone/​Methicone Silsesquioxane Crosspolymer, Carbomer, Deoxyphytantriyl Palmitamide Mea, Hydrogenated Lecithin, Cholesterol, Potassium Hydroxide, Tocopherol, Fragrance, Citric Acid, Potassium Sorbate, Sodium Benzoate, 1,2-Hexanediol, Caprylyl Glycol""
",Gel,114000,,
Glad2Glow Blueberry Ceramide Moisturizer,Moisturizer,"""Aqua, Glycerin, Butylene Glycol, Hydrogenated Polyisobutene, Propylene Glycol Dicaprylate/​Dicaprate, Cyclopentasiloxane, Ceramide EOP, Ceramide AP, Ceramide NS, Ceramide NG, Ceramide AS, Sodium Hyaluronate, Centella Asiatica Leaf Extract, Ammonium Acryloyldimethyltaurate/​VP Copolymer, Hydroxyacetophenone, Betaine, Cyclohexasiloxane, Allantoin, Tridecyl Trimellitate, Hydroxyethyl Acrylate/​Sodium Acryloyldimethyl Taurate Copolymer, Squalane, Trehalose, Sophora Flavescens Root Extract, Opuntia Ficus-Indica Stem Extract, Ophiopogon Japonicus Root Extract, Pentylene Glycol, Panicum Miliaceum (Millet) Seed Extract, Hibiscus Abelmoschus Seed Extract, Pyrus Cydonia Seed Extract, Secale Cereale (Rye) Seed Extract, Glycine Soja (Soybean) Seed Extract, Tocopherol, Ceramide NP, Castanea Sativa (Chestnut) Seed Extract, Vaccinium Angustifolium (Blueberry) Fruit Extract, Helianthus Annuus (Sunflower) Seed Extract, Maltodextrin, Gentiana Scabra Extract, Hydrogenated Lecithin, Dimethiconol, 1,2-Hexanediol, Polysorbate 60, Sorbitan Isostearate, Xanthan Gum, Disodium EDTA""",Gel,45000,,
"Glad2Glow
Peach Retinol Moisturizer",Moisturizer,"""Aqua, Dimethicone, Hydroxyethyl Urea, Glycerin, Isododecane, Niacinamide, Glycereth-26, Trehalose, Butylene Glycol, Allantoin, Phenoxyethanol, Acrylates/​C10-30 Alkyl Acrylate Crosspolymer, Tromethamine, Polyglyceryl-6 Distearate, Hydrogenated Lecithin, Retinol, Dimethiconol, Methylparaben, Prunus Persica Peach Fruit Extract, Polyacrylate Crosspolymer-6, Carbomer, Jojoba Esters, Hexyldecanol, Glyceryl Glucoside, Ammonium Acryloyldimethyltaurate/​VP Copolymer, Ethylhexylglycerin, Cetyl Alcohol, Polyglyceryl-3 Beeswax, Ceramide NP, Propanediol, Pentylene Glycol, Cholesterol, Avena Sativa (Oat) Kernel Extract, Aroma, Chlorella Vulgaris Extract, Lactic Acid, Centella Asiatica Flower/​Leaf/​Stem Extract, Matrine, Ectoin, Hydroxypinacolone Retinoate, Hydroxyethylpiperazine Ethane Sulfonic Acid, Adenosine""",Cream,45000,,
"Glad2Glow
Centella Allantoin Soothing Gel Moisturizer",Moisturizer,"""Water, Dipropylene Glycol, Diethoxyethyl Succinate, Acrylates/​C10-30 Alkyl Acrylate Crosspolymer, Erythritol, Tromethamine, Butylene Glycol, 1,2-Hexanediol, Pentylene Glycol, Centella Asiatica Extract, Allantoin, Glycerophosphoinositol Choline, Ethylhexylglycerin, Avena Sativa (Oat) Kernel Extract, Hydroxyphenyl Propamidobenzoic Acid, Ascorbyl Palmitate, Pentasodium Pentetate, Phytic Acid, Silver Oxide, Ammonium Acryloyldimethyltaurate/​VP Copolymer, Propanediol, Phenoxyethanol, Chlorella Vulgaris Extract, Lactic Acid, Phaeodactylum Tricornutum Extract, Lecithin, Sodium Ascorbate, Tocopherol""",Cream,49000,,
"Glad2Glow
Kiwi 3d Acid Acne Moisturizer",Moisturizer,"""Aqua, Butylene Glycol, Cyclopentasiloxane, Cyclohexasiloxane, 1,2-Hexanediol, Hydroxyacetophenone, Salicylic Acid, Carbomer, Succinic Acid, Glycerin, Mandelic Acid, Ammonium Acryloyldimethyltaurate/​VP Copolymer, Actinidia Deliciosa Fruit Extract, Opuntia Ficus-Indica Stem Extract, Sophora Angustifolia Root Extract, Ophiopogon Japonicus Root Extract, Pentylene Glycol, Dimethicone/​Vinyl Dimethicone Crosspolymer, Sodium Hydroxide, Trehalose, Portulaca Oleracea Extract, PPG-26-Buteth-26, Disodium EDTA, PEG-40 Hydrogenated Castor Oil, Menthyl Lactate, Aroma, Dipropylene Glycol, Ci 19140, Ethylhexylglycerin, Ci 42090""",Gel,44000,,
Glad2Glow Pomegranate 5% Niacinamide Brightening Moisturizer,Moisturizer,"""Aqua, Glycerin, Niacinamide, Butylene Glycol, Caprylic/​Capric Triglyceride, Punica Granatum Fruit Extract, Propylene Glycol, Ammonium Acryloyldimethyltaurate/​VP Copolymer, Dimethicone, Betaine, Glycereth-26, Isopropyl Palmitate, 1,2-Hexanediol, Hydroxyacetophenone, Cetearyl Alcohol, Polyacrylate-13, Allantoin, Butyrospermum Parkii (Shea) Butter, Centella Asiatica Extract, Dimethyl Isosorbide, Polyisobutene, Parfum, Sodium Hyaluronate, Xanthan Gum, Hydroxypinacolone Retinoate, Pentylene Glycol, Polysorbate 20, Sorbitan Isostearate, Rosa Hybrid Flower Extract, Nonapeptide-1, Tetrapeptide-1, Gardenia Florida Fruit Extract, Ci 16185""",Cream,45000,,
"Glad2Glow
Tremella Vita B5 Sensitive Calming Moisturizer",Moisturizer,"""Aqua, Methylpropanediol, Squalane, Coco-Caprylate/​Caprate, Cetearyl Olivate, Dimethicone, Sorbitan Olivate, 1,2-Hexanediol, Panthenol, Hydroxyacetophenone, Tremella Fuciformis Sporocarp Extract, Portulaca Oleracea Extract, Lactobacillus/​Soymilk Ferment Filtrate, Bisabolol, Ectoin, Sodium Hyaluronate, Sodium Acrylates Copolymer, Crocus Sativus Flower Extract, Tocopherol, Ammonium Acryloyldimethyltaurate/​VP Copolymer, Acrylates/​C10-30 Alkyl Acrylate Crosspolymer, Lecithin, Ethylhexylglycerin, Propanediol, Aminomethyl Propanol, Pentylene Glycol, Phenoxyethanol""",Cream,45000,,
"Glad2Glow
Yuja Symwhite 377 Dark Spot Moisturizer",Moisturizer,"""Aqua, Butylene Glycol, Glyserin, Citrus Junos Fruit Extract, 3-0-Ethyl Ascorbic Acid, Caprylic Capric Triglyceride, Centella Asiatica Extract, Panthenol, Betaine, Isopropyl Palmitate, Allantoin, Glycereth-26, Ammonium Acryloyldimethyl Taurate Vp Copolymer, Phenylethyl Resorcinol, 1,2-Hexanediol, Hydroxyacetophenone, Polysorbate 85, Butyrospermum Parkii (Shea Butter), Dimethyl Isosorbide, Sodium Hyaluronate, Xanthan Gum, Ceramide NS, Ceramide AP, Hydroxypinacolone Retinoate, Propylene Glycol, Cetearyl Alcohol, Dimethicone, Polysorbate 20, Ceramide NP, Tripeptide-1, Nonapeptide-1, Polyisobutene, Pentylene Glycol, Sorbitan Isostearate, Aroma, Rosa Hybrid Flower Extract""",Cream,39000,,
"Glad2Glow
Perfect Vita C Bright Glow Moisturizer",Moisturizer,"""Aqua, Butylene Glycol, Niacinamide, Dimethicone, Caprylic/​Capric Triglyceride, Ammonium Acryloyldimethyltaurate/​VP Copolymer, Ascorbyl Tetraisopalmitate, Glycerin, Isopropyl Palmitate, 1,2-Hexanediol, Hydroxyacetophenone, Cetearyl Alcohol, Polyacrylate Crosspolymer-6, Disodium Phosphate, Dimethyl Isosorbide, Polyacrylate-13, Allantoin, Sodium Metabisulfite, Arginine, Polyisobutene, Aroma, Citric Acid, Polygonum Cuspidatum Root Extract, Rubus Idaeus (Raspberry) Fruit Extract, Angelica Polymorpha Sinensis Root Extract, Portulaca Oleracea Extract, Polysorbate 20, Sorbitan Isostearate, Ci 19140, Nonapeptide-1""",Cream,42000,,
"The Originote
Brightening Moisturizer",Moisturizer,"""Water, Glyserin, Butylene Glycol, Aloe Barbadensis Leaf Water, Niacinamide, Glycosyl Trehalose, Hydrogenated Starch Hydrolysate, Hydroxyacetophenone, 1,2-Hexanediol, Cetearyl Alcohol, Bellis Perennis Flower Extract, Diglycerin, PEG/​PPG-17/​6 Copolymer, Tranexamic Acid, Acrylates C10-30 Alkyl Acrylate Crosspolymer, Cetearyl Glucoside, Arginine, Ammonium Acryloyldimethyl Taurate Vp Copolymer, Sorbitan Olivate, Alpha-Arbutin, Allantoin, Glyceryl Glucoside, Glycyrrhiza Uralensis Root Extract, Portulaca Oleracea Flower/​Leaf/​Stem Extract, Paeonia Suffruticosa Root Extract, Paeonia Lactiflora Extract, Polysorbate 80, Glucose, Sorbitan Oleate, Caprylic Capric Triglyceride, Camelia Sinensis Extract, Fragaria Ananassa Fruit Extract, Phenylethyl Resorcinol, Phenoxyethanol, Phospholipids, Ananas Sativus Fruit Extract, Potassium Sorbate, Sodium Benzoate, Carica Papaya Fruit Extract, Ceramide NP, Ceramide NS, Ethylhexylglycerin, Tocopheryl Acetate""",Cream,44000,,
"The Originote
Hyalucera Moisturizer",Moisturizer,"""Water, Glycerin, Butylene Glycol, Glycereth-26, 1,2-Hexanediol, Hydroxyacetophenone, Acrylates/​C10-30 Alkyl Acrylate Crosspolymer, Panthenol, Hydroxyethylpiperazine Ethane Sulfonic Acid, Diglycerin, Propylene Glycol, Triethanolamine (0.5%), Methylpropanediol, Sodium Hyaluronate, Allantoin, Glucose, Sophora Angustifolia Root Extract, Stephania Tetrandra Root Extract, Hydrolyzed Hyaluronic Acid, Cnidium Monnieri Fruit Extract, Glycyrrhiza Glabra (Licorice) Root Extract, Phellodendron Amurense Bark Extract, Phenoxyethanol(0), Caprylic/​Capric Triglyceride, Chlorella Vulgaris Extract, Spirulina Platensis Extract, Hydrogenated Lecithin, Chlorphenesin (0.02%), Hexylene Glycol, Stearic Acid, Cholesterol, Ceramide NP""",Cream,42000,,
"The Originote
Cica-B5 Soothing Moisturizer",Moisturizer,"""Centella Asiatica Leaf Extract, Glycerin, Butylene Glycol, Water, 1,2-Hexanediol, Hydroxyacetophenone, Acrylates/​C10-30 Alkyl Acrylate Crosspolymer, Triethanolamine, Diglycerin, Panthenol, Propanediol, Paeonia Suffruticosa Root Extract, Allantoin, Adenosine, Tremella Fuciformis Polysaccharide, Glycyrrhiza Uralensis (Licorice) Root Extract, Portulaca Oleracea Flower/​Leaf/​Stem Extract, Paeonia Lactiflora Extract, Chrysanthemum Parthenium (Feverfew) Extract, Camellia Sinensis Extract, Propylene Glycol, Dianthus Chinensis Extract, Pentylene Glycol, Artemisia Argyi Leaf Extract, Glucose, Centella Asiatica Extract, Sodium Hyaluronate, Caprylhydroxamic Acid, Maltodextrin, Phenoxyethanol, Caprylic/​Capric Triglyceride, PEG-40 Hydrogenated Castor Oil, Lecithin, Magnolol, Madecassoside, Hydrogenated Lecithin, Ethylhexylglycerin, Asiaticoside, Hexylene Glycol, Stearic Acid, Cholesterol, Ceramide NP, Bisabolol, Houttuynia Cordata Extract""",Gel,48000,,
"Emina
Water Calming Gel Moisturizer",Moisturizer,"""Aqua, Niacinamide, Dipropylene Glycol, Butylene Glycol, Propanediol, Carbomer, 1,2-Hexanediol, Allantoin, Panthenol, Aminomethyl Propanol, Ammonium Acryloyldimethyltaurate/​VP Copolymer, Chlorphenesin, Biosaccharide Gum-2, Caprylhydroxamic Acid, Disodium EDTA, Centella Asiatica Extract, Phenoxyethanol, Madecassoside, PEG-8, Pentylene Glycol, Beta-Glucan, Salicylic Acid, Caprylyl Glycol, Isostearamidopropyl Ethyldimonium Ethosulfate, Sodium Hydroxide, Propylene Glycol, Carthamus Tinctorius Seed Oil, Olea Europaea Fruit Oil""",Gel,43000,,
"Emina
Water Gel Moisturizer Bright Glow",Moisturizer,"""Aqua, Niacinamide, Acetyl Glucosamine, Betaine, C13-15 Alkane, Propanediol, Ammonium Acryloyldimethyltaurate/​VP Copolymer, Hydroxyacetophenone, Arachidyl Alcohol, Synthetic Fluorphlogopite, Allantoin, Bisabolol, Jojoba Esters, Behenyl Alcohol, Chlorphenesin, Propylene Glycol, Arachidyl Glucoside, Polyacrylate-13, Glycyrrhiza Glabra (Licorice) Root Extract, Fragrance, Polyisobutene, Glycerin, Polysorbate 20, Tin Oxide, Sodium Chloride, Sodium Ascorbyl Phosphate, Phenoxyethanol, Trideceth-9, PEG-40 Hydrogenated Castor Oil, Ethylhexylglycerin, Ci 77891, Ci 17200""",Gel,42000,,
"Emina
Water Barrier Balancing Gel Moisturizer",Moisturizer,"""Aqua, Niacinamide, Dipropylene Glycol, Trisiloxane, Glycerin, Ammonium Acryloyldimethyltaurate/​VP Copolymer, Dimethicone, Butylene Glycol, 1,2-Hexanediol, Hydroxyacetophenone, Shea Butter (Butyrospermum Parkii), Pentylene Glycol, Dimethicone/​Vinyl Dimethicone Crosspolymer, Glycereth-20, Disodium EDTA, Carbomer, Amodimethicone, Polysorbate 20, Sodium Hydroxide, Acrylates/​C10-30 Alkyl Acrylate Crosspolymer, Allantoin, Potassium Hydroxide, Phenoxyethanol, Beta-Glucan, Titanium Dioxide, Sodium Lauroyl Lactylate, Caprylyl Glycol, Sodium Hyaluronate, Fragrance, Ceramide NP, Ceramide AP, Phytosphingosine, Cholesterol, Hydrolyzed Hyaluronic Acíd, Xanthan Gum, Ethylhexylglycerin, Ceramide EOP""",Gel,42000,,
"Glowsophy
Watermelon Brightening Moisturizer",Moisturizer,"""Water, Glycerin, Butylene Glycol, Dimethicone, Cetearyl Alcohol, Niacinamide, Cetearyl Glucoside, 1,2-Hexanediol, Hydroxyacetophenone, Glycosyl Trehalose, Hydrogenated Starch Hydrolysate, Mineral Oil, Xanthan Gum, Diglycerin, Sorbitan Olivate, Acrylates/​C10-30 Alkyl Acrylate Crosspolymer, PEG-100 Stearate, Glyceryl Stearate, PEG/​PPG-17/​6 Copolymer, Phenylethyl Resorcinol, ""Citrullus Lanatus (Watermelon) Fruit Extract"", Glycyrrhiza Uralensis (Licorice) Root Extract, Portulaca Oleracea Flower/​Leaf/​Stem Extract, Paeonia Suffruticosa Root Bark Extract, Paeonia Lactiflora Extract, Triethanolamine, Allantoin, Glyceryl Glucoside, Fragrance, Glucose, BHT, Sodium Hyaluronate, Caprylic/​Capric Triglyceride, Alpha-Arbutin, Propylene Glycol, Phenoxyethanol, Phospholipids, Hydrogenated Lecithin, Ethylhexylglycerin, Hexylene Glycol, Stearic Acid, Cholesterol, Centella Asiatica Extract, Ceramide NP, Tocopheryl Acetate, Ceramide EOP, Ceramide EOS, Ceramide AS, Ceramide AP, Ceramide NS, Ceramide NG""",Gel,49000,,
"Glowsophy
Cica Panthenol Soothing Moisturizer",Moisturizer,"""Water, Glycerin, Butylene Glycol, Panthenol, Artemisia Argyi Leaf Extract, Glycereth-26, 1,2-Hexanediol, Acrylates/​C10-30 Alkyl Acrylate Crosspolymer, Hydroxyacetophenone, Silk Extract, Xanthan Gum, Diglycerin, Triethanolamine, Glycosyl Trehalose, Hydrogenated Starch Hydrolysate, Centella Asiatica Extract, Cladosiphon Okamuranus Extract, Allantoin, Tremella Fuciformis Sporocarp Extract, Glycyrrhiza Uralensis (Licorice) Root Extract, Portulaca Oleracea Flower/​Leaf/​Stem Extract, Paeonia Suffruticosa Root Bark Extract, Paeonia Lactiflora Extract, Glucose, Lactobacillus Ferment Lysate, Bifida Ferment Lysate, Phenoxyethanol, Streptococcus Thermophilus Ferment, Chlorella Vulgaris Extract, Camellia Sinensis Leaf Extract, Houttuynia Cordata Extract, Madecassoside, Bisabolol, Hydrogenated Lecithin, Chlorphenesin, Ethylhexylglycerin, Sodium Hyaluronate, Hydroxypropyltrimonium Hyaluronate, Sodium Acetylated Hyaluronate, Hydrolyzed Hyaluronic Acid, Ceramide NP, Ceramide EOP, Ceramide EOS, Ceramide AS, Ceramide AP, Ceramide NS, Ceramide NG""",Gel,39000,,
"Hanasui
Ceramide Probiotics Moisturizer Gel",Moisturizer,"""Aqua, Glycerin, Butylene Glycol, Propanediol, Niacinamide, Ethyl Macadamiate, Hydroxyethyl Urea, Glycereth-26, Galactomyces Ferment Filtrate, Phenoxyethanol, Dimethicone, Sodium Acrylate/​Sodium Acryloyldimethyl Taurate Copolymer, Methyl Gluceth-20, Sodium Polyacrylate, Hydrogenated Polydecene, C15-19 Alkane, Hydrolyzed Jojoba Esters, Lactobacillus Ferment, Allantoin, Carbomer, Phytosteryl/​Octyldodecyl Lauroyl Glutamate, Tocopheryl Acetate, Aminomethyl Propanol, Triethylene Glycol, Disodium EDTA, Trideceth-6, 1,2-Hexanediol, C10-16 Alkyl Glucoside, Caprylic/​Capric Triglyceride, Hydrogenated Lecithin, Sodium Hyaluronate, Sucrose Stearate, Ceramide NP, Hyaluronic Acid, Hydrolyzed Hyaluronic Acid, Hydrolyzed Sodium Hyaluronate, Hydroxypropyltrimonium Hyaluronate, Pentylene Glycol, Potassium Hyaluronate, Sodium Acetylated Hyaluronate, Sodium Hyaluronate Crosspolymer, 2-Aminobutanol, Ceramide AP, Ceramide AS, Ceramide NG, Glycosphingolipids""",Gel,42000,,
"Hanasui
Gentle Retinol Moisturizer Gel",Moisturizer,"""Aqua, Niacinamide, Trehalose, Butylene Glycol, Hydroxyethyl Urea, Propanediol, Glycerin, Phenoxyethanol, Sodium Acrylate/​Sodium Acryloyldimethyl Taurate Copolymer, Dimethicone, Vaccinium Macrocarpon Fruit Extract, Panthenol, Acrylates/​C10-30 Alkyl Acrylate Crosspolymer, Tocopheryl Acetate, Allantoin, C15-19 Alkane, Isohexadecane, Hydrogenated Lecithin, Aminomethyl Propanol, Disodium EDTA, Phytosteryl/​Octyldodecyl Lauroyl Glutamate, Squalane, Triethylene Glycol, Polysorbate 80, Caprylic/​Capric Triglyceride, Hydrolyzed Jojoba Esters, Retinol, C10-16 Alkyl Glucoside, Butyrospermum Parkii Butter, Polysorbate 20, Sorbitan Oleate, 1,2-Hexanediol, Sucrose Stearate, Hydroxypinacolone Retinoate, Ceramide NP, Tetrahydropiperine, BHA, BHT, Sodium Benzoate, Arachis Hypogaea Oil, Ascorbic Acid, Biotin, Folic Acid, Pyridoxine Hcl, Retinyl Palmitate, Tocopherol, Bisabolol, Ceramide AP, Ceramide AS, Ceramide NG, Dimethylmethoxy Chromanol, Glycosphingolipids""",Gel,49000,,
"Hanasui
Bright Expert + Tranexamic Acid Moisturizer Gel",Moisturizer,"""Aqua, Niacinamide, Propanediol, Butylene Glycol, Panthenol, Propylene Glycol, Glycereth-26, Phenoxyethanol, Acrylates/​C10-30 Alkyl Acrylate Crosspolymer, Tranexamic Acid, Allantoin, Disodium EDTA, Trehalose, Triethylene Glycol, Caprylic/​Capric Triglyceride, Glycerin, Hydrogenated Lecithin, Triethanolamine, Glycyrrhiza Glabra Root Extract, 1,2-Hexanediol, Sucrose Stearate, Ceramide NP, Ceramide AP, Ceramide AS, Ceramide NG, Glycosphingolipids""",Gel,43000,,
"Whitelab
Acne Care Moisturizer Gel",Moisturizer,"""Aqua, Methylpropanediol, Glycerin, Butylene Glycol, Cyclopentasiloxane, Aluminium Starch Octenylsuccinate, Hydroxyethyl Acrylate/​Sodium Acryloyldimethyl Taurate Copolymer, Centella Asiatica (Leaf) Extract, Allantoin, Artemisia Vulgaris Extract, Hamamelis Virginiana(Leaf) Extract, Dipotassium Glycyrrhizate, Salicylic Acid, Saccharide Isomerate, Panthenol, Bisabolol, Zinc Gluconate, O-Cymen-5-Ol, Melaleuca Alternifolia Leaf Extract, Bacillus/​Folic Acid Ferment Filtrate Extract, Sodium Hyaluronate, Phenoxyethanol, C15-19 Alkane, Lauryl Glucoside, Sodium Acrylate/​Sodium Acryloyldimethyl Taurate Copolymer, Triethanolamine, Propylene Glycol, Tetrasodium EDTA, Ethylhexylglycerin, Citric Acid, Sodium Citrate, 1,2-Hexanediol, Sodium Benzoate, Potassium Sorbate""",Gel,66000,,
"Whitelab
Cera-mug Barrier Moisturizing Gel 20 gr",Moisturizer,"""Aqua, Cyclopentasiloxane, Glyserin, Artemisia Capillaris Extract, Centella Asiatica Extract, Isononyl Isononanoate, Butylene Glycol, Glucosyl Ceramide, Ceramide NP, Ceramide AP, Ceramide EOP, Soluble/​Marine Collagen, Phospholipids, Palmitoyl Tripeptide-1, Palmitoyl Tetrapeptide-7, Hyaluronic Acid, Hydrolyzed Hyaluronic Acid, Sodium Hyaluronate Crosspolymer, Sodium Hyaluronate, Sodium Carboxymethyl Hyaluronate, Sodium Acetylated Hyaluronate, Potassium Hyaluronate, Hydroxypropyltrimonium Hyaluronate, Hydrolyzed Sodium Hyaluronate, Dimethylsilanol Hyaluronate, Panthenol, Cholesterol, Phytosphingosine, Allantoin, Sodium PCA, Carbomer, Phenoxyethanol, PEG-40 Hydrogenated Castor Oil, Sodium Polyacrylate, Dicaprylyl Carbonate, Polyglyceryl-2 Caprate, Xanthan Gum, DMDM Hydantoin, Triethanolamine, 1,2-Hexanediol, Pentylene Glycol, Perfume""",Gel,59000,,
"Scarlett Whitening
7x Ceramide Barrier Up Moisturizer",Moisturizer,"""Aqua, Glycerin, Butylene Glycol, Niacinamide, Panthenol, Annona Cherimola Fruit Extract, Propanediol, Carbomer, Trehalose, Aminomethyl Propanol, Lycium Chinense Fruit Extract, 1,2-Hexanediol, Camellia Sinensis Leaf Extract, Allantoin, DMDM Hydantoin, Titanium Dioxide, Disodium EDTA, Caprylhydroxamic Acid, Ceteareth-25, Pentylene Glycol, Sucrose, Sodium Citrate, Oleth-10, Polysorbate 60, Caulerpa Lentillifera Extract, Cetyl Alcohol, Aluminum Hydroxide, Phenoxyethanol, Sodium Benzoate, Phenylpropanol, Sodium Dehydroacetate, Methyl Methacrylate Crosspolymer, Triethoxycaprylylsilane, 2-Aminobutanol, Behenic Acid, Ceramide NP, Ceratonia Siliqua Seed Extract, Cholesterol, Citric Acid, Sodium Acetylated Hyaluronate, Sodium Hyaluronate, Ceramide NS, Simethicone, Sodium Hyaluronate Crosspolymer, Saccharomyces Ferment Filtrate, Ceramide AP, Ceramide EOP, Ceramide EOS, Hydrolyzed Sodium Hyaluronate, Ethylhexylglycerin, Caprooyl Phytosphingosine, Caprooyl Sphingosine, Acetyl Hexapeptide-8""",Gel,60000,,
"Azarine
Pure Radiance Barrier Moisturizer",Moisturizer,"""Aqua, Glycerin, Camellia Sinensis Leaf Water, Maltodextrin, Undecylenoyl Phenylalanine, Propanediol, Sucrose Dilaurate, Panthenol, Ceramide 3, Chlorphenesin, Polyacrylate Crosspolymer-6, Phytol, Isomalt, Sodium Cocoyl Glutamate, Butylene Glycol, Pisum Sativum Extract, 1,2-Hexanediol""",Gel,56000,,
"Azarine
Advanced Youth Barrier Moisturizer",Moisturizer,"""Aqua, Glycerin, Squalane, Propanediol, Panthenol, Ceramide 3, Chlorphenesin, Polyacrylate Crosspolymer-6, Caprylic/​Capric Triglyceride, Phytol, Isomalt, Butylene Glycol, Sodium Hyaluronate, Pentylene Glycol, Pistacia Lentiscus Gum, Lecithin, Glyceryl Caprylate, Potassium Hyaluronate, Sodium Hyaluronate Crosspolymer, Sodium Acetylated Hyaluronate, Hydroxypropyltrimonium Hyaluronate, Hydrolyzed Hyaluronic Acid, Hyaluronic Acid, Hydrolyzed Sodium Hyaluronate, Clitoria Ternatea Flower Extract, Acetyl Hexapeptide-8""",Gel,56000,,
"Azarine
Intense Luminous Barrier Moisturizer",Moisturizer,"""Aqua, Glycerin, Squalane, Oryza Sativa Extract, Sodium Hyaluronate, Ceramide 3, Panthenol, Chlorphenesin, Polyacrylate Crosspolymer-6, Polyglyceryl-10 Oleate, Phytol, Isomalt, Caprylic/​Capric Triglyceride, Polyglyceryl-6 Oleate, Cetyl Palmitate, Sorbitan Palmitate, Sorbitan Stearate, Polysorbate 80, Hydroxyresveratrol, Hydrogenated Lecithin, Palmitoyl Tetrapeptide-10""",Gel,56000,,
"Azarine
Supreme Glow Brightening Moisturizer",Moisturizer,"""Aqua, Glycerin, Niacinamide, Isomalt, Hydrogenated Polyisobutene, Propanediol, Ethoxydiglycol, Phenoxyethanol, Acrylates/​C10-30 Alkyl Acrylate Crosspolymer, Stearic Acid, Diisostearyl Malate, Saccharide Isomerate, Centella Asiatica Extract, Triolein, Pentylene Glycol, PEG-40 Hydrogenated Castor Oil, Trideceth-9, Cetearyl Alcohol, Chlorphenesin, Disodium EDTA, Ceteareth-22, Potassium Hydroxide, Phenylethyl Resorcinol, Propylene Glycol, Sclareolide, Fragrance (Parfum), BHT, Disodium Succinate, Saccharomyces Lysate, Caprylyl Glycol, Citric Acid, Sodium Citrate, 1,2-Hexanediol, Valine, Threonine, Glutamic Acid, Glycine, Tocopherol, Phytol""",Gel,56000,,
"Dorskin
Pink Bliss Moisturizer",Moisturizer,"""Aqua, Niacinamide, Centella Asiatica Extract, Glycerin, Triethanolamine, Petrolatum, Isopropyl Myristate, Punica Granatum Fruit Extract, Carbomer, Propylene Glycol, Aloe Barbadensis Leaf Extract, Cetyl Alcohol, Dimethicone, 1,2- Hexanediol, Cetearyl Alcohol, Pectin, Glyceryl Stearate, Honey Extract, Caprylyl Glycol, Ceteareth-20, Disodium EDTA, PEG-40 Stearate, Acetyl Glucosamine, Arginine, Ascorbic Acid, Calcium Carbonate, Caprylic/​Capric Triglyceride, Citric Acid, Glucose, Glutathione, Hydrogenated Lecithin, Hydroxypropyl Methylcellulose, Sodium Chloride, DMDM Hydantoin, Phenoxyethanol, Benzoic Acid""",Gel,94000,,
"Safi Hydra Glow
Glycerin & Hyaluronic Acid Oil-Free Gel Moisturizer",Moisturizer,"""Water, Niacinamide, Glycerin, Betaine, Butylene Glycol, Biosaccharide Gum-1, Dimethicone, Cyclopentasiloxane, Carbomer, Cyclohexasiloxane, Ethylhexylglycerin, Bisabolol, Aminomethyl Propanol, Sodium Polyacrylate, Xanthan Gum, Disodium EDTA, Sodium Hyaluronate, Diethylhexyl Syringylidenemalonate, Trideceth-6, Panthenol, PEG/​PPG-18/​18 Dimethicone, Caprylic/​Capric Triglyceride, Aspergillus Ferment, Zingiber Officinale (Ginger) Root Extract, Fragrance, Phenoxyethanol, Chlorphenesin""
",Cream,113.000,,
SAFI - Acne Expert - Soothing Gel Moisturizer,Moisturizer,"""Water, Niacinamide, Betaine, Glycerin, Butylene Glycol, Biosaccharide Gum-1, Dimethicone, Cyclopentasiloxane, Carbomer, Cyclohexasiloxane, Trideceth-6, Bisabolol, Sodium Polyacrylate, Aminomethyl Propanol, Xanthan Gum, PEG/​PPG-18/​18 Dimethicone, Disodium EDTA, Sodium Hyaluronate, Diethylhexyl Syringylidenemalonate, Mandelic Acid, Melia Azadirachta (Neem) Leaf Extract, Caprylic/​Capric Triglyceride, Salicylic Acid, Fragrance, Phenoxyethanol, Chlorphenesin, Ci 15510, Ci 14700""",Gel,94.000,,
"OMG Oh My Glow
Bright Booster Moisturizer",Moisturizer,"""Moisturizer in a lightweight and easily absorbent texture that is able to moisturize and hydrate the face. Equipped with oil control technology that is able to reduce excess oil and uva/uvb filter to protect from the sun and the effects of skin darkening""",Cream,20.000,,
"Eiem Beauty
Water Bank Moisturizer",Moisturizer,"""Aqua, Caprylic/​Capric Triglyceride, Glycerin, Centella Asiatica Extract, Polygonum Cuspidatum Root Extract, Scutellaria Baicalensis Root Extract, Camellia Sinensis Leaf Extract, Glycyrrhiza Glabra Root Extract, Chamomilla Recutita (Matricaria) Flower Extract, Rosmarinus Officinalis (Rosemary) Leaf Extract, Propylene Glycol, PEG-40 Hydrogenated Castor Oil, Ammonium Acryloyldimethyltaurate/​VP Copolymer, Phenoxyethanol, Tocopheryl Acetate, Allantoin, BHT, Ethylhexylglycerin, Propanediol, Panthenol, Parfum, Citric Acid""",Gel,38.000,https://down-id.img.susercontent.com/file/id-11134207-7ra0g-mc0i11sqrar76f.webp,
"Eiem Beauty
Glow B3+ Brightening Moisturizer",Moisturizer,"""Aqua, Propylene Glycol, Niacinamide, Dimethicone, Ammonium Acryloyldimethyltaurate/​VP Copolymer, Polyacrylamide, C13-14 Isoparaffin, Laureth-7, Glycerin, Caprylic/​Capric Triglyceride, Polysorbate 80, Sorbitan Oleate, Phenoxyethanol, Ethylhexylglycerin, BHT, Panthenol, Tocopheryl Acetate, Parfum, Alpha-Arbutin, Tranexamic Acid, Kojic Dipalmitate, Mannitol, Microcrystalline Cellulose, Zea Mays Starch, Hydrogenated Lecithin, Ethylcellulose, Ci 73360, Ci 16255, Propanediol, Pentylene Glycol, Sodium Hyaluronate, Potassium Hyaluronate, Sodium Hyaluronate Crosspolymer, Sodium Acetylated Hyaluronate, Hydroxypropyltrimonium Hyaluronate, Hydrolyzed Hyaluronic Acid, Hyaluronic Acid, Hydrolyzed Sodium Hyaluronate, Hydroxypropyl Methylcellulose, Centella Asiatica Extract, Polygonum Cuspidatum Root Extract, Scutellaria Baicalensis Root Extract, Camellia Sinensis Leaf Extract, Glycyrrhiza Glabra Root Extract, Chamomilla Recutita (Matricaria) Flower Extract, Rosmarinus Officinalis (Rosemary) Leaf Extract""",Cream,43.000,https://down-id.img.susercontent.com/file/id-11134207-7rbk4-m85pi7fuc4ct6c@resize_w900_nl.webp,
"Eiem Beauty
Cera X Cica Moisturizer",Moisturizer,"""Water, Glycerin, Propylene Glycol, Niacinamide, Allantoin, Panthenol, Propanediol, Centella Asiatica Extract, Polygonum Cuspidatum Root Extract, Ceramide NP, Ceramide AP, Ceramide AS, Ceramide NG, Scutellaria Baicalensis Root Extract, Camellia Sinensis Leaf Extract, Glycyrrhiza Glabra (Licorice) Root Extract, Caprylic/​Capric Triglyceride, Chamomilla Recutita (Matricaria) Flower Extract, Rosmarinus Ofﬁcinalis (Rosemary) Leaf Extract, Sodium Carboxymethyl Cellulose, Hydrogenated Lecithin, 1,2-Hexanediol, Sucrose Stearate, Citric Acid, Glycosphingolipids, Phenoxyethanol, Acrylates/​C10-30 Alkyl Acrylate Crosspolymer, PEG-40 Hydrogenated Castor Oil, Triethanolamine, Tetrasodium EDTA, Parfum, Ethylhexylglycerin""",Gel,39.000,https://down-id.img.susercontent.com/file/id-11134207-7rbk0-m86i4fk8cy6jb7.webp,https://shopee.co.id/EIEM-Beauty-Cera-x-Cica-Moisturizer-i.574961929.25155300826?sp_atk=3f4264b2-bb8f-48a9-be85-3ad5ec643822&xptdk=3f4264b2-bb8f-48a9-be85-3ad5ec643822
"Eiem Beauty
Reti - IV Moisturizer",Moisturizer,"""Water, Propylene Glycol, Niacinamide, Dimethicone, Caprylic/​Capric Triglyceride, Glycerin, Panthenol, Retinol, Hyaluronic Acid, Sodium Hyaluronate, Tocopheryl Acetate, Retinal, Centella Asiatica Extract, Helianthus Annuus (Sunflower) Seed Oil, Daucus Carota Sativa Seed Oil, Ascorbyl Palmitate, Retinyl Palmitate, Hydroxypinacolone Retinoate, Pentylene Glycol, Potassium Hyaluronate, Phenoxyethanol, Hydrolyzed Sodium Hyaluronate, Methyl Methacrylate Crosspolymer, Hydrogenated Lecithin, Ammonium Acryloyldimethyl Taurate/​VP Copolymer, Cholesterol, Rosmarinus Officinalis (Rosemary) Leaf Extract, Phaseolus Radiatus Seed Extract, Polysorbate 80, Tocopherol, Sodium Hyaluronate Crosspolymer, Sodium Acetylated Hyaluronate, Butylated Hydroxy Anisole, Avena Sativa (Oat) Meal Extract, Lecithin, Ascorbic Acid, Dimethyl Isosorbide, Polyacrylamide, Polygonum Cuspidatum Root Extract, Hydroxypropyltrimonium Hyaluronate, Hydrolyzed Hyaluronic Acid, Scutellaria Baicalensis Root Extract, PEG-20 Glyceryl Laurate, Propanediol, Diethylhexyl Syringylidenemalonate, Linoleic Acid, Parfum, C13-14 Isoparaffin, Laureth-7, Polysorbate 20, Camellia Sinensis Leaf Extract, Glycyrrhiza Glabra (Licorice) Root Extract, Chamomilla Recutita (Matricaria) Flower Extract, Sorbitan Oleate, Butylated Hydroxytoluene, Daucus Carota Sativa Root Extract, Beta-Carotene, Ethylhexylglycerin""",Cream,43.000,https://down-id.img.susercontent.com/file/id-11134207-7rbk6-m85pi7fuj57123.webp,https://shopee.co.id/EIEM-BEAUTY-RETI-IV-Retinol-Moisturizer-50gram-i.574961929.25393511732?sp_atk=6a7594b0-0998-4454-a2e2-462306675466&xptdk=6a7594b0-0998-4454-a2e2-462306675466
"Acnaway
Mugwort Water Gel Moisturizer",Moisturizer,"""Aqua, Butylene Glycol, Betaine, PEG/​PPG-17/​6 Copolymer, Acrylates/​C10-30 Alkyl Acrylate Crosspolymer, Arginine, 1,2-Hexanediol, PPG-5-Ceteth-20, Artemisia Vulgaris Extract, Centella Asiatica Leaf Extract, Propylene Glycol, Panthenol, PEG/​PPG-14/​7 Dimethyl Ether, Allantoin, Pentylene Glycol, Caprylhydroxamic Acid, Dipotassium Glycyrrhizate, Phenoxyethanol, Ethylhexylglycerin, Avena Sativa (Oat) Kernel Extract, Sodium Hyaluronate, Lavandula Angustifolia Oil, Lactobacillus/​Soymilk Ferment Filtrate, Portulaca Oleracea Extract, Melaleuca Alternifolia (Tea Tree) Leaf Oil, Aloe Barbadensis Leaf Juice""",Gel,38.000,https://down-id.img.susercontent.com/file/id-11134207-7ra0g-mdmz5o4ag15705.webp,https://shopee.co.id/ACNAWAY-Mugwort-Water-Gel-Moisturizer-Moisture-Gel-Pelembab-Wajah-Untuk-Kulit-Berjerawat-Acne-Friendly-Melembapkan-Wajah-Sensitif-Cooling-Soothing-Gel-Untuk-Kulit-Kemerahan-Acne-Prone-Daily-Moist-Anti-Acne-Cepat-Menyerap-Skincare-Calming-Centella-Cream-i.600850936.20085052245?sp_atk=7198b46d-88f9-4e04-ae26-1d3d0e861df6&xptdk=7198b46d-88f9-4e04-ae26-1d3d0e861df6
"Acnaway
Cica Cream Moisturizer for Acne Prone Skin",Moisturizer,"""Aqua, Cetearyl Alcohol, Glycerin, Propylene Glycol, Centella Asiatica Leaf Extract, Betaine, Caprylic/​Capric Triglyceride, Cyclopentasiloxane, Dimethicone/​Vinyl Dimethicone Crosspolymer, Cyclohexasiloxane, PEG-20 Stearate, Dimethicone, Butyrospermum Parkii (Shea) Butter, Phenoxyethanol, Polymethylsilsesquioxane, Carbomer, Allantoin, Panthenol, Triethanolamine, Butylene Glycol, Sorbitan Olivate, Cetearyl Olivate, Disodium EDTA, Sodium Hyaluronate, Chrysanthellum Indicum Extract, Calendula Officinalis Flower Extract, Fructose, Madecassoside, Centella Asiatica Root Extract, Phosphatidylcholine, Ceramide EOP, Artemisia Vulgaris Extract, Ceramide AS, Saururus Chinensis Leaf/​Root Extract, 1,2-Hexanediol, Ceramide NP, Polyglyceryl-10 Oleate, Asiaticoside, Hydroxyacetophenone, Sodium Stearoyl Glutamate, Glyceryl Caprylate, Ethylhexylglycerin, Tocopherol""",Cream,42.000,https://down-id.img.susercontent.com/file/id-11134207-7ra0l-mdk40tub1j5b86@resize_w900_nl.webp,https://shopee.co.id/ACNAWAY-Cica-Cream-Moisturizer-%E2%80%93-Pelembab-Wajah-untuk-Kulit-Berjerawat-Sensitif-Acne-Prone-Melembapkan-Menenangkan-Mengatasi-Jerawat-Perawatan-Kulit-Cepat-Menyerap-Moisturizer-Cream-Skin-Barrier-Moisture-Krim-Siang-Centella-Mugwort-Panthenol-i.600850936.27772265603?sp_atk=ddb03a1e-389f-4a4e-80da-3371e88a58c8&xptdk=ddb03a1e-389f-4a4e-80da-3371e88a58c8
PIGEON TEENS MOISTURIZER ALL SKIN TYPES 20ML,Moisturizer,"""Aqua, Paraffinum Liquidum, Glycerin, Simmondsia Chinensis (Jojoba) Seed Oil, Behenyl Alcohol, Glyceryl Stearate, Squalane, Stearic Acid, Phenoxyethanol, Sodium Stearoyl Glutamate, Carbomer, Methylparaben, Pentylene Glycol, Methylpropanediol, Sodium Lactate, Lactic Acid, Serine, Urea, Sorbitol, Butylparaben, Ethylparaben, Fragrance, Propylparaben, Sodium Chloride, Chamomilla Recutita (Matricaria) Extract, Allantoin""",Cream,17.000,https://down-id.img.susercontent.com/file/sg-11134201-22100-lwoaybqa43iv14@resize_w900_nl.webp,https://shopee.co.id/PIGEON-TEENS-MOISTURIZER-ALL-SKIN-TYPES-20ML-Pelembap-Kulit-Remaja-Kulit-Kering-dan-Normal-Moisturizing-Hydrating-i.53479005.4440526149?sp_atk=35515ddf-e7bd-4bc0-96c2-8bf6f49b313a&xptdk=35515ddf-e7bd-4bc0-96c2-8bf6f49b313a
"Pigeon
Acne Ranger Moisturizer For Acne Prone Skin",Moisturizer,"""Aqua, Paraffinum Liquidum, Glycerine, Behenyl Alcohol, Glyceryl Stearate, Butylene Glycol, Stearic Acid, Simmondsia Chinensis (Jojoba) Seed Oil, Benzyl Alcohol, Sodium Stearoyl Glutamate, Carbomer, Ethylhexylglycerin, Tetrasodium EDTA, Bisabolol, Salix Alba (Willow) Bark Extract, Decylene Glycol, Pentylene Glycol, Allantoin, 2-Amino-2-Methyl-1-Propanol, Chamomilla Recutita (Matricaria) Flower, Lactic Acid, Sodium Lactate, Serine, Urea, Sorbitol, PEG-40 Hydrogenated Castor Oil, Fragrance, Trideceth-9, Sodium Chloride, Phenoxyethanol, Tocopherol, Hamamelis Virginiana (Witch Hazel) Leaf Extract, 1,2-Hexanediol""",Cream,19.000,https://down-id.img.susercontent.com/file/id-11134207-7r98y-ltnbbt4x067s9a.webp,https://shopee.co.id/PIGEON-TEENS-ACNE-RANGER-MOISTURIZER-20ML-Pelembap-Kulit-Remaja-Kulit-Kemerahan-dan-Berjerawat-Moisturizing-Hydrating-i.53479005.23909665933?sp_atk=e0f8f12b-3f6a-403e-8842-d47b3662148f&xptdk=e0f8f12b-3f6a-403e-8842-d47b3662148f
"Garnier
Sakura Glow Ceramide Water Gel",Moisturizer,"""Aqua/​Water, Glycerin, Alcohol Denat, Niacinamide, Dimethicone, Isononyl Isononanoate, Ceramide NP, Carbomer, Dimethiconol, Parfum/​Fragrance, Sodium Hydroxide, Salicylic Acid, Sodium Hyaluronate, Phenoxyethanol, Prunus Lannesiana Flower Extract, Chlorphenesin, Tocopheryl Acetate, Limonene, Caprylyl Glycol, Capryloyl Salicylic Acid, Tetrasodium Glutamate Diacetate, Citronellol, Biosaccharide Gum-1, Xanthan Gum, Menthoxypropanediol, Pseudoalteromonas Ferment Extract, Butylene Glycol, Hexyl Cinnamal""",Cream,75.000,https://down-id.img.susercontent.com/file/id-11134207-7rbkb-m7hny2r55ixsbd.webp,https://shopee.co.id/product/62583853/29801942379
"Garnier
Bright Complete Vitamin C Water Gel",Moisturizer,"""Aqua/​Water, Glycerin, Niacinamide, Alcohol Denat, Dipropylene Glycol, Dimethicone, Butylene Glycol, PEG/​PPG/​Polybutylene Glycol-8/​5/​3 Glycerin, PEG-8, Linalool, Geraniol, Carbomer, Dimethiconol, Sodium Hydroxide, Sodium Citrate, Sodium Hyaluronate, Sodium Benzoate, Silica, Phenoxyethanol, Phenylethyl Resorcinol, Ammonium Polyacryloyldimethyl Taurate, Ascorbyl Glucoside, Limonene, Caprylyl Glycol, Capryloyl Salicylic Acid, Tetrasodium Glutamate Diacetate, Citrus Limon Fruit Extract/​Lemon Fruit Extract, Hydrolyzed Lupine Protein, Parfum/​Fragrance""",Cream,64.000,https://down-id.img.susercontent.com/file/id-11134207-7rbk3-m7hny2r59qn4ec.webp,https://shopee.co.id/GARNIER-Bright-Complete-Vitamin-C-Brightening-Serum-Day-Cream-Krim-Mencerahkan-SPF-36-PA-50-ml-Moisturizer-Tone-Up-Glowing-Skincare-Krim-Siang-pelembab-wajah-pemutih-wajah-i.62583853.1022726857?sp_atk=7dfe7807-7d95-4f2b-8c4d-fd8f7021bce5&xptdk=7dfe7807-7d95-4f2b-8c4d-fd8f7021bce5
"Somethinc
Calm Down! Skinpair R-cover Cream",Moisturizer,"""Water, Glycerin, Dicaprylyl Ether, Butylene Glycol, Hydrogenated Ethylhexyl Olivate, Pentylene Glycol, 1,2-Hexanediol, Panthenol, Hydrogenated Polydecene, Saccharide Isomerate, Hydroxyethyl Acrylate/​Sodium Acryloyldimethyl Taurate Copolymer, Acrylates/​C10-30 Alkyl Acrylate Crosspolymer, Polymethylsilsesquioxane, Hydrogenated Olive Oil Unsaponifiables, Boron Nitride, Madecassoside, Aloe Barbadensis Leaf Extract, Allantoin, Artemisia Vulgaris Extract, Astrocaryum Murumuru Seed Butter, Glyceryl Acrylate/​Acrylic Acid Copolymer, Tromethamine, Ethylhexylglycerin, Xanthan Gum, Dipotassium Glycyrrhizate, Sodium Phytate, Ceramide NP, Sodium Citrate, Citric Acid, Sea Water, Propanediol, Tocopherol, Emiliania Huxleyi Extract""",Cream,129.000,https://down-id.img.susercontent.com/file/id-11134201-7r98x-lwjtq01zcfkhd4.webp,https://shopee.co.id/-TASYA-FARASYA-APPROVED-SOMETHINC-Calm-Down!-Skinpair-Moisturizer-Pelembap-Muka-untuk-Kulit-Sensitif-Kemerahan-Kulit-Normal.-Meredakan-Kemerahan-Memperkuat-Skin-Barrier-i.195455930.23824435470?sp_atk=b557bc90-2015-4f15-9da4-548ae5089a6c&xptdk=b557bc90-2015-4f15-9da4-548ae5089a6c
"Somethinc
Ceramic Skin Saviour Moisturizer Gel",Moisturizer,"""Water, Glycerin, Dimethicone, Butylene Glycol, Pentylene Glycol, 1,2-Hexanediol, Bisabolol, Caprylic/​Capric Triglyceride, Hydroxyacetophenone, Carbomer, Polyacrylamide, Tromethamine, C13-14 Isoparaffin, Allantoin, Sodium Hyaluronate, Hydrogenated Lecithin, Avena Sativa (Oat) Kernel Extract, Anthemis Nobilis Flower Extract, Laureth-7, Hydrolyzed Algae Extract (Retired), Disodium EDTA, Ceramide NP, Hydrolyzed Collagen, Caprylyl Glycol, Caffeine, N-Prolyl Palmitoyl Tripeptide-56 Acetate, Magnesium Aspartate, Zinc Gluconate, Tetrahexyldecyl Ascorbate, Phenoxyethanol, Copper Gluconate""",Gel,169.000,https://down-id.img.susercontent.com/file/id-11134201-7rash-m64wv3fw7jbs31.webp,https://shopee.co.id/SOMETHINC-CERAMIC-SKIN-Saviour-Moisturizer-Gel-Cocok-untuk-Acne-dan-Kulit-Sensitif-Moisturizer-Non-comedogenic-Melembapkan-Mengurangi-kemerahan.-Pelembab-kulit-tidak-menyumbat-pori-i.195455930.9415658254?sp_atk=c46ff121-4687-4cb7-a3fa-b34c56bf0660&xptdk=c46ff121-4687-4cb7-a3fa-b34c56bf0660
"NIVEA MEN
Creme",Moisturizer,"""Aqua, Glycerin, Paraffinum Liquidum, Alcohol Denat, Cetyl Alcohol, Glyceryl Stearate, Hydrogenated Coco-Glycerides, Stearyl Alcohol, Cera Microcristallina, Palmitic Acid, Stearic Acid, Tocopheryl Acetate, Sodium Carbomer, Myristic Acid, Arachidic Acid, Oleic Acid, Dimethicone, Phenoxyethanol, Methylparaben, Geraniol, Parfum""",Cream,64.000,https://down-id.img.susercontent.com/file/id-11134201-7rbk8-m6yxsactep0q35.webp,https://shopee.co.id/NIVEA-MEN-Cream-Moisturizer-Creme-Tin-75ml-Hand-body-krim-pria-cream-mositurizer-multifungsi-kaleng-biru-tua-kulit-kering-kasar-bersisik-pecah-pecah-sikut-tumit-memperbaiki-skin-barrier-pelembab-cukur-wangi-maskulin-Vitamin-E-UVA-UVB-Filter-i.39283823.2236513112?sp_atk=07469359-a3c4-4011-8076-ac71b0e3c5d6&xptdk=07469359-a3c4-4011-8076-ac71b0e3c5d6
"Nivea
Soft Moisturizing Creme",Moisturizer,"""Water, Myristyl Alcohol, Mineral Oil (Paraffinum Liquidum), Glycerin, Butylene Glycol, Alcohol Denatured, Stearic Acid, Petrolatum, Myristyl Myristate, Glyceryl Stearate, Hydrogenated Coco-Glycerides, Dimethicone, Simmondsia Chinensis (Jojoba) Seed Oil (Jojoba), Tocopheryl Acetate (Vitamin E), Polyglyceryl-2 Caprate, Phenoxyethanol, Lanolin Alcohol, Fragrance, Carbomer, Sodium Hydroxide, Cetyl Phosphate, Methylparaben, Ethylparaben, Propylparaben, Butylparaben, Isobutylparaben""",Cream,20.000,https://down-id.img.susercontent.com/file/id-11134201-7rbk0-m6yxsx8lx6ef14.webp,https://shopee.co.id/NIVEA-Cream-Moisturizer-Soft-Creme-Jar-50ml-Hand-body-krim-cream-lotion-mositurizer-multifungsi-jar-putih-body-care-kulit-kering-kasar-badan-wajah-muka-sikut-tumit-memperbaiki-skin-barrier-pelembab-melembutkan-badan-halus-Vitamin-E-Jojoba-Oil-i.39283823.1204901404?sp_atk=47eb9422-d1cc-4f82-b990-7c07a13eb3a2&xptdk=47eb9422-d1cc-4f82-b990-7c07a13eb3a2
"Finally Found You!
Soy Bright! Moisturizer",Moisturizer,"""Aqua, Glycerin, Dimethicone, Propylene Glycol, Butylene Glycol, Cetearyl Alcohol, Cetyl Alcohol, Lactobacillus/​Collagen/​Mesembryanthemum Crystallinum Leaf Extract Ferment Lysate, Hydrolyzed Collagen, Oryza Sativa Germ Extract, Aloe Barbadensis Leaf Extract, Squalane, Allantoin, Tocopheryl Acetate, BHT, Polyglutamic Acid, Glycine Soja (Soybean) Seed Extract, Terminalia Ferdinandiana Fruit Extract, Sodium Hyaluronate, Hydrolyzed Hyaluronic Acid, Hydroxypropyltrimonium Hyaluronate, Sodium Acetylated Hyaluronate, 1,2-Hexanediol, Ethylhexylglycerin, Ceramide NP, Phenoxyethanol, Tromethamine, PEG-7 Glyceryl Cocoate, Acrylates/​C10-30 Alkyl Acrylate Crosspolymer, Disodium EDTA, Sodium Lauroyl Lactylate, Cholesterol, Ceramide AP, Phytosphingosine, Ceramide EOP, Xanthan Gum, Carbomer, Potassium Sorbate, Sodium Benzoate, Citric Acid, Cyclohexane, Acrylic Acid""",Gel,119.000,https://down-id.img.susercontent.com/file/id-11134207-7ra0h-mctaq92qljx405.webp,https://shopee.co.id/Finally-Found-You!-Soy-Bright!-Moisturizer-2in1-Primer-Makeup-dan-Gel-Pelembab-Krim-Siang-Malam-i.856580029.18444376450?sp_atk=8012c893-3a0c-4eef-abec-c323bbd19323&xptdk=8012c893-3a0c-4eef-abec-c323bbd19323
"Feali
5x Pro-xylane Anti-aging Moisturizer Cream",Moisturizer,"""Water, Glycerin, Propylene Glycol, Erythritol, Liquid Paraffin, Isopropyl Palmitate, Sorbitan Stearate, Cetyl Stearate, Polydimethylsiloxane, Jojoba Seed Oil, Glycerol Stearate, Polysorbate 60, Sodium Ascorbate, Isohexadecane, Phenoxyethanol, Carbomer, Triethanolamine, Xanthan Gum, Nicotinamide, Sodium Hyaluronate, Disodium EDTA, Essence, Ethylhexyl-Glycerin, Butanediol, Polysorbate 80, Sorbitan Oleate, Hydroxypropyl Tetrahydropyrantriol, 1,2-Hexanediol, 1,2-Pentanediol, Goat Milk Extract, Centella Asiatica Extract, Polygonum Cuspidatum Root Extract, Scutellaria Baicalensis Root Extract, Glycyrrhiza Glabra Root Extract, Scutellaria Baicalensis Root Extract, Glycyrrhiza Glabra Root Extract, Camellia Sinensis Leaf Extract, Rosmarinus Officinalis Leaf Extract, Chamomilla Recutita Flower Extract, Paeonia Albiflora Root Extract""",Cream,39.000,https://down-id.img.susercontent.com/file/id-11134207-7qul9-lf84rh9l1pq211@resize_w900_nl.webp,https://shopee.co.id/-BPOM-FEALI-5X-Pro-Xylane-Goat-Milk-Anti-Aging-and-Moisturizing-Cream-i.831347198.22616080274?sp_atk=1c4e3fe5-aa40-4ec9-8e54-28e4eff9ef7e&xptdk=1c4e3fe5-aa40-4ec9-8e54-28e4eff9ef7e
"Citra
Pearly Glow UV Essence Cream",Moisturizer,"""Water, Stearic Acid, Niacinamide, Glycerine, Perfume, Isopropyl Myristate, Ethylhexyl Methoxycinnamate, Titanium Dioxide, Cetyl Alcohol, Dimethicone, Potassium Hydroxide, Butyl Methoxydibenzoylmethane, Sodium Ascorbyl Phosphate, Tocopheryl Acetate, Allantoin, Pearl Extract, Methylparaben, Phenoxyethanol, Propylparaben, Aluminum Hydroxide, Disodium EDTA, Pyridoxine Hcl, Caprylic/​Capric Triglyceride, BHT, Zinc Oxide, Cyclopentasiloxane, Cyclotetrasiloxane""",Cream,48.000,https://down-id.img.susercontent.com/file/id-11134207-7rasa-m1h65nmhhlq37e@resize_w900_nl.webp,https://shopee.co.id/Citra-Moisturizer-Krim-Wajah-Pearly-Glow-UV-40g-i.932470899.19871572694
"Citra
Green Tea Antiacne Essence Cream",Moisturizer,"""Water, Stearic Acid, Niacinamide, Glycerin, Isopropyl Myristate, Ethylhexyl Methoxycinnamate, Titanium Dioxide, Cetyl Alcohol, Dimethicone, Potassium Hydroxide, Butyl Methoxydibenzoylmethane, Camellia Sinensis Leaf Extract, Thymol, Terpineol, Salicylic Acid, Perfume, Tocopheryl Acetate, Sodium Ascorbyl Phosphate, Phenoxyethanol, Methylparaben, Allantoin, Propylparaben, Aluminum Hydroxide, Disodium EDTA, Pyridoxine Hcl, Butylene Glycol, BHT, Zinc Oxide, Cyclotetrasiloxane, Cyclopentasiloxane""",Cream,45.000,https://down-id.img.susercontent.com/file/id-11134201-7r990-looxq8nuk8re19.webp,https://shopee.co.id/Citra-Cream-Wajah-Green-Tea-40-G-Moisturizer-Kulit-Berminyak-Anti-Acne-Perawatan-Jerawat-i.932470899.22319367967?sp_atk=5d85ab45-47f3-4995-ba36-3847a3683e83&xptdk=5d85ab45-47f3-4995-ba36-3847a3683e83
"Pond's
Hydra Miracle Moisturizer",Moisturizer,"""Water, Dimethicone, Glycerin, Niacinamide, Butylene Glycol, Ammonium Acryloyldimethyl Taurate/​VP Copolymer, Sodium Acetylated Hyaluronate, Sodium Hyaluronate, Sodium Hyaluronate Crosspolymer, Hydrolyzed Sodium Hyaluronate, Ceramide NP, Ceramide AP, Ceramide EOP, Saccharide Isomerate, Hydrolyzed Collagen, Phenoxyethanol, Ammonium Acryloyldimethyltaurate/​Beheneth-25 Methacrylate Crosspolymer, Stearic Acid, Palmitic Acid, Linoleamidopropyl Pg-Dimonium Chloride Phosphate, Propylene Glycol, Tocopheryl Acetate, Caprylic/​Capric Triglyceride, Disodium EDTA, BHT, Triethanolamine, Sodium PCA, Fragrance, Pentylene Glycol, Benzophenone-4, PEG-4 Laurate, T-Butyl Alcohol, Sodium Citrate, Citric Acid, Sodium Hydroxide, Iodopropynyl Butylcarbamate, Ethylhexylglycerin, Sodium Metabisulfite, Sodium Bisulfite, Sodium Carbonate, Sodium Lauroyl Lactylate, Glycine, Squalane, Cystine, Panthenol, Sodium Chloride, Phytosphingosine, Xanthan Gum, Cholesterol, Carbomer, Sodium Benzoate""",Gel,54.000, https://down-id.img.susercontent.com/file/sg-11134301-7ra3r-m4u32bdyo2iyfd.webp,https://shopee.co.id/PONDS-HYDRA-MIRACLE-ULTRA-LIGHT-BIOME-GEL-HYDRATING-MOISTURIZER-GEL-20GR-i.932470899.28173173770?sp_atk=2234f92d-70c8-49b4-a1b4-4e22ff47a889&xptdk=2234f92d-70c8-49b4-a1b4-4e22ff47a889
"CeraCode
Barrier Gel Moisturizer",Moisturizer,"""Aqua, Propylene Glycol, Cyclopentasiloxane, Isohexadecane, Ceramide NP, Glycereth-26, Squalane, Cholesterol, Caprylic/​Capric Triglyceride, Linoleic Acid, Trehalose, Sodium Hyaluronate, Hydroxyethyl Acrylate/​Sodium Acryloyldimethyl Taurate Copolymer, Centella Asiatica Extract, Sodium Acrylate/​Sodium Acryloyldimethyl Taurate Copolymer, Polysorbate 60, C20-22 Alkyl Phosphate, C20-22 Alcohols, Allantoin, Glycerin, Tremella Fuciformis Extract, Hydroxyacetophenone, Ceramide NS, Ceramide EOS, Ceramide EOP, Ceramide AS, Ceramide AP, Ceramide NG, Hamamelis Virginiana Extract, Scutellaria Baicalensis Root Extract, Fucus Vesiculosus Extract, Opuntia Streptacantha Flower Extract, Citrus Limon Peel Oil, Citrus Reticulata Fruit Extract, Caprylhydroxamic Acid, Ethylhexylglycerin, Glyceryl Caprylate, Adenosine, Camellia Japonica Flower Extract, Snail Secretion Filtrate, Houttuynia Cordata Extract, Lactobionic Acid, Chrysanthemum Indicum Extract, Ubiquinone""",Gel,49.000,https://down-id.img.susercontent.com/file/id-11134207-7rasb-m2q7zax1p3024c@resize_w900_nl.webp,https://shopee.co.id/CeraCode-Barrier-Moisturizer-50ml-Ceramide-Cream-untuk-Kulit-Kering-Sensitif-Perbaiki-Skin-Barrier-dengan-311-CERA-Formula-i.1245586998.29015446316?sp_atk=4091d87e-a158-44f3-81ba-1839829f9b24&xptdk=4091d87e-a158-44f3-81ba-1839829f9b24
"Trueve
Ceraboost Barrier Silk Moist",Moisturizer,"""Water, Glycerin, Cyclopentasiloxane, Cetyl Alcohol, Coco-Caprylate/​Caprate, Helianthus Annuus Seed Oil, Methylpropanediol, Niacinamide, Ethyl Macadamiate, Xylitylglucoside, Saccharide Isomerate, Panthenol, Fructooligosaccharides, Beta Vulgaris (Beet) Root Extract, Glycine Soja (Soybean) Oil, Lactococcus Ferment Lysate, Plukenetia Volubilis Seed Oil, Sodium Hyaluronate, Laminaria Digitata Extract, Tocopherol, Ceramide NP, Cholesterol, Malic Acid, Phytosphingosine, Tanacetum Annuum Flower Oil, Ceramide AP, Ceramide AS, Ceramide NS, Ceramide EOP, Ceramide AG, Ceramide NG, Glucosyl Ceramide, Sodium Acrylate/​Sodium Acryloyldimethyl Taurate Copolymer, Phenoxyethanol, Aluminum Starch Octenylsuccinate, Anhydroxylitol, Acrylates/​C10-30 Alkyl Acrylate Crosspolymer, Allantoin, Xylitol, Triethanolamine, C15-19 Alkane, BHT, Tetrasodium EDTA, Ethylhexylglycerin, Lauryl Glucoside, Glucose, Potassium Lactate, Lactic Acid, Citric Acid, Glycolipids, Lecithin, Sodium Citrate, Sodium Carrageenan, 1,2-Hexanediol, Jania Rubens Extract, Hydrogenated Lecithin, Benzyl Alcohol, Sodium Benzoate, Benzoic Acid, Sodium Chloride, Dehydroacetic Acid, Cetyl-PG Hydroxyethyl Palmitamide, 2,3-Butanediol, Glyceryl Stearate, Parfum""",Gel,111.000,https://down-id.img.susercontent.com/file/id-11134207-7r990-lvwojys4geaj89.webp,https://shopee.co.id/TRUEVE-Ceraboost-Silk-Moisturizer-Gel-30gr-Moisturizer-Gel-Pelembab-Wajah-Pagi-Malam-Memperbaiki-Skin-Barrier-Rusak-Iritasi-Semua-Jenis-Kulit-(Blue-Tansy-Ceramide)-Calming-Meredakan-kemerahan-Pelembab-Ringan-Lembab-Perbaiki-Skin-Barrier-i.310417610.20187605002?sp_atk=ddf878db-8aa5-4e67-85f8-2839a4f86f76&xptdk=ddf878db-8aa5-4e67-85f8-2839a4f86f76
"Skin game
Kind Watery Moisturizer 30ml",Moisturizer,"""Water/​Aqua, Trehalose, Propanediol, Glycerin, Sodium Acrylate/​Sodium Acryloyldimethyl Taurate Copolymer, Panthenol, 1,2-Hexanediol, Ceramide NP, Ceramide AP, Phytosphingosine, Cholesterol, Ceramide EOP, C15-19 Alkane, Lauryl Glucoside, Trisodium Ethylenediamine Disuccinate, Sodium Lauroyl Lactylate, Xanthan Gum, Carbomer, Phenoxyethanol, Ethylhexylglycerin, Citric Acid""",Gel,143.000,https://down-id.img.susercontent.com/file/id-11134207-7ra0r-md46ar2pqfug6a@resize_w900_nl.webp,https://shopee.co.id/Skin-Game-Kind-Watery-Moisturizer-Pelembab-Wajah-(Skin-Barrier)-i.108420030.11211781373?sp_atk=f3d4a8fe-6a91-4540-9687-f9f9ee9ad6fa&xptdk=f3d4a8fe-6a91-4540-9687-f9f9ee9ad6fa
"Scora
2,5% D-panthenol Barrier Shield Moisturizer",Moisturizer,"""Aqua, Cyclopentasiloxane, Panthenol, Butylene Glycol, Sodium PCA, Caprylic/​Capric Triglyceride, Glycerin, Carbomer, Polysorbate 20, Allantoin, Urea, Triethanolamine, Hydroxyethyl Acrylate/​Sodium Acryloyldimethyl Taurate Copolymer, DMDM Hydantoin, Isohexadecane, Polyacrylate-13, styrene/acrylic copalymer, BHT, Disodium EDTA, PPG-26-Buteth-26, Polyisobutene, Phenoxyethanol, Bisabolol, Tocopheryl Acetate, Ziziphus Jujuba Fruit Extract, PEG-40 Hydrogenated Castor Oil, Paeonia Lactiflora Root Extract, Scutellaria Baicalensis Root Extract, Ethylhexyl Methoxycinnamate, Polysorbate 60, Sorbitan Isostearate, Glycyrrhiza Glabra (Licorice) Root Extract, Sodium Benzoate, Butyl Methoxydibenzoylmethane, Ethylhexyl Salicylate, Opuntia Ficus-Indica Stem Extract, Citric Acid""",Gel,33.000,https://down-id.img.susercontent.com/file/id-11134207-81ztg-mfhp9a54u42369.webp,https://shopee.co.id/-NEW-PACKAGING-2-5-D-PANTHENOL-BARRIER-SHIELD-MOISTURIZER-40ml-Melembapkan-Kulit-Menjaga-Skin-Barrier-i.1112776376.28360413045?sp_atk=ee308337-5f92-40e7-96f9-ec29c4bfe03f&xptdk=ee308337-5f92-40e7-96f9-ec29c4bfe03f
"Laboré
Barrier Revive Cream",Moisturizer,"""Aqua, Butylene Glycol, Dicaprylyl Carbonate, Butyrospermum Parkii Butter, Cetearyl Alcohol, Glycerin, Dimethicone, Squalane, Propanediol, Bifida Ferment Lysate, Hydroxyethyl Acrylate/​Sodium Acryloyldimethyl Taurate Copolymer, Saccharide Isomerate, Allantoin, Bisabolol, 1,2-Hexanediol, Cetearyl Glucoside, Glyceryl Stearate, Xanthan Gum, Polysilicone-11, Chlorphenesin, PEG-100 Stearate, Tocopheryl Acetate, Disodium EDTA, Caprylhydroxamic Acid, Sodium Hyaluronate, Sodium Citrate, Citric Acid, Phragmites Karka Extract, Poria Cocos Extract, Mirabilis Jalapa Extract, Sodium Benzoate, Glucose""",Cream,65.000,https://down-id.img.susercontent.com/file/id-11134207-7ras8-m3aefqqcd95rcb.webp,https://shopee.co.id/Labore-BiomeRepair-Barrier-Revive-Cream-Travel-Size-10ml-Moisturizer-dan-Pelembab-Wajah-Kulit-Sensitif-i.524963178.12622059438?sp_atk=65f4ee12-1c1a-4800-a766-f5226b98716f&xptdk=65f4ee12-1c1a-4800-a766-f5226b98716f
"Facetology
Triple Care 5% Panthenol Barrier Boost Gel",Moisturizer,"""Aqua, Panthenol, Butylene Glycol, Glycerin, Saccharide Isomerate, Codium Tomentosum Extract, Sea Water, Sodium Hyaluronate, Phenoxyethanol, Carbomer, Centella Asiatica Leaf Extract, Propanediol, Allantoin, Triethanolamine, Disodium EDTA, Bis-PEG-15 Methyl Ether Dimethicone, Pentylene Glycol, Lactobacillus/​Collagen/​Mesembryanthemum Crystallinum Leaf Extract Ferment Lysate, Citric Acid, Sodium Citrate, Polyglutamic Acid, Hydrolyzed Hyaluronic Acid, Glyceryl Acrylate/​Acrylic Acid Copolymer, 1,2-Hexanediol, Pvm/​Ma Copolymer, Hydroxypropyltrimonium Hyaluronate, Ethylhexylglycerin, Sodium Acetylated Hyaluronate""",Gel,40.000,https://down-id.img.susercontent.com/file/id-11134207-81zte-meyal949ntvmd6.webp,https://shopee.co.id/-NEW-LAUNCH-Facetology-Moisturizer-Triple-Care-5-Panthenol-Barrier-Boost-Gel-40gr-i.684531921.40120679283?sp_atk=b04ce35d-e816-4acd-9781-1e3efd5dcb13&xptdk=b04ce35d-e816-4acd-9781-1e3efd5dcb13
"Sariayu
Tinted Moisturizer",Moisturizer,"""Water, Caprylyl Methicone, Titanium Dioxide, Aluminum Hydroxide, Triethoxycaprylylsilane, Dimethicone, Glycerin, Lauryl PEG-10 Trissilylethyl Dimethicone, PEG-10, Dodecene, Tocopherol, Ethylhexyl Methoxycinnamate, Octocrylene, Butyl Methoxydibenzoylmethane, Butylene Glycol, Phospholipids, Dimethicone Crosspolymer, Sodium Chloride, Gardenia Jasminoides Leaf Extract, Phyllanthus Niruri Extract, Gardenia Jasminoides Flower Extract, Propanediol, Phenoxyethanol, Panthenol, Tocopheryl Acetate, Bisabolol, Farnesol, Chlorphenesin, Fragrance""",Cream,80.000,https://down-id.img.susercontent.com/file/9ff7170bc5914294dfc70f24e209e74c@resize_w900_nl.webp,https://shopee.co.id/Sariayu-Tinted-Moisturizer-i.138164542.2081751206?sp_atk=9f18282a-ecf9-466a-9bff-0ce3a67caf14&xptdk=9f18282a-ecf9-466a-9bff-0ce3a67caf14
"Sariayu
Jeruk Moisturizer",Moisturizer,"""Water, Mineral Oil, Propanediol, Dimethicone, Cetearyl Alcohol, Caprylic/​Capric Triglyceride, Glycerin, Olea Europaea (Olive) Fruit Oil, Chamomilla Recutita Flower Water, Citrus Aurantifolia (Lime) Fruit Extract, Citrus Hystrix Leaf Extract, Gardenia Jasminoides Leaf Extract, Phyllanthus Niruri Extract, Gardenia Jasminoides Flower Extract, Panthenol, Ethylhexyl Methoxycinnamate, Benzophenone-3, Zinc Oxide, Methyl Methacrylate Crosspolymer, Allantoin, Lanolin Alcohol, Ceteareth-33, Acrylamide/​Sodium Acryloyldimethyltaurate Copolymer, Xanthan Gum, C13-14 Isoparaffin, Cetearyl Glucoside, Pentylene Glycol, Sodium Lactate, Lactic Acid, Serine, Urea, Sorbitol, Sodium Chloride, PEG-40 Hydrogenated Castor Oil, Decylene Glycol, Laureth-7, Trideceth-9, 1,2-Hexanediol, Bisabolol, Triethoxycaprylylsilane, Sodium Sulfate, Phenoxyethanol, Chlorphenesin, Fragrance, Ci 16255, Ci 19140, Oxybenzone""",Cream,15.000,https://down-id.img.susercontent.com/file/86267c0a1d5388e3f3993ea62854e8bf@resize_w900_nl.webp,https://shopee.co.id/Sariayu-Jeruk-Moisturizer-NEW-35-ml-i.138164542.5607374014?sp_atk=bae51fc5-f410-4e59-8d9a-ce8daa949567&xptdk=bae51fc5-f410-4e59-8d9a-ce8daa949567
"Sariayu
Putih Langsat Moisturizer",Moisturizer,"""Water, Isononyl Isononanoate, Glycerin, Lansium Domesticum Fruit Extract, Chlorphenesin, Hibiscus Rosa-Sinensis Flower Extract, Ocimum Basilicum Flower/​Leaf/​Stem Extract, Sodium Benzoate, Cetearyl Alcohol, Cetyl Palmitate, Sorbitan Palmitate, Sorbitan Oleate, PEG-100 Stearate, Glyceryl Stearate, Cetyl Alcohol, Zinc Oxide, Triethoxycaprylylsilane, Ethylhexyl Methoxycinnamate, Benzophenone-3 (Oxybenzone), Cetearyl Glucoside, Dimethicone, Glycol Stearate, Squalane, Panthenol, Ascorbyl Dipalmitate, Glycyrrhiza Glabra Root Extract, Tocopheryl Acetate, Citrus Aurantium Flower Oil, Acrylamide/​Sodium Acryloyldimethyltaurate Copolymer, C13-14 Isoparaffin, Laureth-7, Xanthan Gum, Phenoxyethanol, Pentaerythrityl Tetra-Di-T-Butyl Hydroxyhydrocinnamate, Tetrasodium EDTA, Fragrance""",Cream,29.000,https://down-id.img.susercontent.com/file/id-11134207-7ras9-m16uo8k0x9tuf6@resize_w900_nl.webp,https://shopee.co.id/Sariayu-Bright-Skin-Putih-Langsat-Moisturizer-35-ml-i.138164542.6741931803?sp_atk=be82bb19-2e0d-4601-8909-427948d127d9&xptdk=be82bb19-2e0d-4601-8909-427948d127d9
"Ginza
Txa Brightening Moisturizer",Moisturizer,"""Aqua, Tranexamic Acid, Glycerin, Butylene Glycol, Polysorbate 20, Propylene Glycol, Phenoxyethanol, Carbomer, Triethanolamine, Tetrasodium EDTA, Trehalose, BHT""",Cream,35.000,https://down-id.img.susercontent.com/file/id-11134207-7rbk7-m6drid0lhjpy6d.webp,https://shopee.co.id/FYC-Ginza-3-TXA-Tranexamic-Acid-Moisturizer-Ampuh-Menghilangkan-Bekas-Jerawat-Flek-Hitam-i.890158460.28576582377?sp_atk=dc047d5c-4a41-4cf4-a6ab-9b467a0621e3&xptdk=dc047d5c-4a41-4cf4-a6ab-9b467a0621e3
"Sonik Scents
Skin Nice Cream Moisturizer Ceramide 7x",Moisturizer,"""Aqua Demineralisata, Carbomer, Tetrasodium EDTA, Sodium Benzoate, Sodium Hydroxide, PEG-40 Hydrogenated Castor Oil, PEG-7 Glyceryl Cocoate, Mineral Oil (Paraffinum Liquidum), Acrylates Copolymer, Propylene Glycol, Fragrance, Glutathione, Ceramide NP, Ceramide NG, Ceramide EOS, Ceramide EOP, Ceramide AS, Ceramide AP, Ceramide NS""",Gel,13.000,https://down-id.img.susercontent.com/file/id-11134207-7ra0m-md18dip7ectf9a.webp,https://shopee.co.id/SONIK-SCENTS-SKIN-NICE-7x-Ceramide-Moisturizer-Gel-Moisturizer-Cream-Pemutih-Wajah-Krim-Kulit-Kering-Sensitif-i.30447006.20494966514?sp_atk=a9883905-ef11-4c1e-a766-41207f01b309&xptdk=a9883905-ef11-4c1e-a766-41207f01b309
"Be Minimalist
Vitamin B5 10% Moisturizer",Moisturizer,"""Aqua, Panthenol, Cyclopentasiloxane, Dimethicone Crosspolymer, Glycerin, Xylitylglucoside, Anhydroxylitol, Xylitol, PEG/​PPG-18/​18 Dimethicone, Hydrogenated Polyisobutene, Magnesium Aspartate, Zinc Gluconate, Copper Gluconate, Sodium Hyaluronate, Betaine, Phenoxyethanol, Pentylene Glycol, Allantoin, Ethylhexyl Glycerine, Carbomer, Magnesium Sulfate Heptahydrate, Hydroxyethyl Acrylate/​Sodium Acryloyldimethyl Taurate Copolymer""",Cream,90.000,https://down-id.img.susercontent.com/file/id-11134207-7r990-lvvm4m5jiy2l2b@resize_w900_nl.webp,https://shopee.co.id/Minimalist-10-Vitamin-B5-Moisturizer-Pelembab-Wajah-Panthenol-Bebas-Minyak-dengan-Zinc-50G-i.939067949.23467511967?sp_atk=39eeacd6-dd34-49cd-9744-6268652d5d1b&xptdk=39eeacd6-dd34-49cd-9744-6268652d5d1b
"Coppera
Copper Peptide Radiance Repair Moisturizer",Moisturizer,"""Aqua, Glycerin, Niacinamide, Butylene Glycol, Isononyl Isononanoate, Trehalose, Alpha-Arbutin, Sodium Carbomer, Phenoxyethanol, Sodium Polyacrylate Starch, Bifida Ferment Filtrate, Portulaca Oleracea Extract, Ethylhexylglycerin, Centella Asiatica Extract, Chrysanthellum Indicum Extract, Pelargonium Graveolens Flower/​Leaf/​Stem Extract, Caprylic/​Capric Triglyceride, PPG-13-Decyltetradeceth-24, Caprylyl Glycol, Mentha Arvensis Leaf Extract, Aloe Barbadensis Extract, Glutathione, Sodium Hyaluronate, 1,2-Hexanediol, Madecassoside, Hydroxyacetophenone, Guaiazulene, Sophora Angustifolia Root Extract, Centella Asiatica Extract, Copper Tripeptide-1, Asiaticoside, Benzotriazolyl Dodecyl P-Cresol, Pentaerythrityl Tetra-Di-T-Butyl Hydroxyhydrocinnamate""",ICY CREAM,78.000,https://down-id.img.susercontent.com/file/id-11134201-81ztn-mefhhu0duha853.webp,https://shopee.co.id/COPPERA-Copper-Peptide-Radiance-Repair-Moisturizer-50ml-BARRIER-REPAIR-DEEPLY-NOURISHING-i.1086812257.28774395755?sp_atk=300beedf-a8ea-45fc-99d5-1a5e2e5cea25&xptdk=300beedf-a8ea-45fc-99d5-1a5e2e5cea25
"Olay
Moisturising Cream",Moisturizer,"""Water, Glycerin, Mineral Oil, Cetyl Alcohol, Petrolatum, Cyclopentasiloxane, Stearyl Alcohol, Isopropyl Palmitate, Carbomer, Dimethicone, Sodium Hydroxide, Fragrance, PEG-100 Stearate, Methylparaben, PEG/​PPG-18/​18 Dimethicone, Titanium Dioxide, Stearic Acid, Palmitic Acid, Propylparaben, Imidazolidinyl Urea, Disodium EDTA, Ci 17200""",Cream,77.000,https://down-id.img.susercontent.com/file/sg-11134301-7rdxi-mcu6us0unq6m0f.webp,https://shopee.co.id/Olay-Moisturising-All-Day-Hydration-Light-and-Non-Greasy-Rose-Cream-Skincare-Brightening-50gr-i.610201703.14448572758?sp_atk=b1eb8872-b92b-4729-a803-22221b8b0330&xptdk=b1eb8872-b92b-4729-a803-22221b8b0330
"Dr. Brandon White Expert Clinical
Hydrabright Moisturizer",Moisturizer,"""Aqua, Tranexamic Acid, Maltooligosyl Glucoside, Glycerin, Alpha-Arbutin, Hydrolyzed Collagen, Hydrogenated Starch Hydrolysate, Sodium Hyaluronate, Phenoxyethanol, Ammonium Acryloyldimethyltaurate/​VP Copolymer, Fragrance (Parfum) Components, Finished Fragrances, Caprylic/​Capric Triglyceride, Deoxyphytantriyl Palmitamide Mea, Hydrogenated Lecithin, Ceramide 3, Cholesterol""",Gel,40.000,https://down-id.img.susercontent.com/file/id-11134207-81ztg-me843ylogb297f.webp,https://shopee.co.id/Dr.-Brandon-Hydrabright-Moisturizer-i.287958428.22601992757?sp_atk=c6db3b4e-e9c3-41bb-b351-fd667a8bd27c&xptdk=c6db3b4e-e9c3-41bb-b351-fd667a8bd27c
"True to Skin
Mugwort Tripeptide Moisturizer Gel Cream ",Moisturizer,"""Aqua, Octyl Methoxycinnamate, Propanediol, Butylene Glycol, Caprylic/​Capric Triglyceride, Glycerin, Lactobionic Acid, Palmitoyl Pentapeptide-4, Polyacrylamide, C13-14 Isoparaffin, Laureth-7, Beta-Glucan, Sodium Hyaluronate, Saccharide Isomerate, Tetrapeptide-44, Acetyl Hexapeptide-8, Bisabolol, Tocopheryl Acetate, Artemisia Capillaris Extract, Pentylene Glycol, Helianthus Annuus (Sunflower) Seed Oil, Spirulina Platensis Extract, Malus Domestica Fruit Extract, Maltodextrin, Caprylyl Glycol, 1,2-Hexanediol, Ethylhexylglycerin, Citric Acid, Sodium Citrate, Phenoxyethanol, Sucrose, Tromethamine""",Gel Cream,37.000,https://down-id.img.susercontent.com/file/sg-11134201-23010-y73k1pc80cmve7.webp,https://shopee.co.id/True-to-Skin-Mugwort-Tripeptide-Moisturizer-Gel-Cream-Soothing-Hydrating-(Pelembap-Gel-Krim-Pagi-Malam)-i.344023672.13203062296?sp_atk=f11c6ea9-9062-4a7d-b8e9-d4ab93e8d1f8&xptdk=f11c6ea9-9062-4a7d-b8e9-d4ab93e8d1f8
"Simple Kind To Skin
Simple Hydrating Light Moisturiser",Moisturizer,"""Aqua, Glycerin, Mineral Oil, Polyglyceryl-3 Methylglucose Distearate, Cetyl Palmitate, Niacinamide, Dimethicone, Acrylates/​C10-30 Alkyl Acrylate Crosspolymer, Stearic Acid, Borago Officinalis Seed Oil, Caprylyl Glycol, Carbomer, Cetyl Alcohol, Disodium EDTA, Lactic Acid, Panthenol, Pentylene Glycol, Phenoxyethanol, Potassium Carbonate, Potassium Hydroxide, Citric Acid, Bisabolol, Serine, Sodium Lactate, Sorbitol, Tocopheryl Acetate, Urea, Allantoin, Sodium Chloride""",Gel,120.000,https://down-id.img.susercontent.com/file/id-11134201-7rbk8-m9fmsygswbyqb8@resize_w900_nl.webp,https://shopee.co.id/Simple-Facial-Hydrating-Light-Moisturizer-125ml-Melembabkan-Kulit-No-Harsh-Chemicals-i.14318452.2587481760?sp_atk=1aa22f2e-f542-4594-b561-c4392b0f70eb&xptdk=1aa22f2e-f542-4594-b561-c4392b0f70eb
"Celeteque
Hydration Facial Moisturizer",Moisturizer,"""Water, Dimethicone, Glycerin, Panthenol, Hexylene Glycol, Phenoxyethanol, Carbomer, Sodium Hydroxide, Pentylene Glycol, Disodium EDTA, Propylene Glycol, Ethylhexylglycerin, Aloe Barbadensis (Aloe Vera) Gel Extract, 4-T-Butylcyclohexanol, PEG-40 Hydrogenated Castor Oil, Trideceth-9, Citric Acid, Hydroxyphenyl Propamidobenzoic Acid, Lavandula Angustifolia (Lavender) Flower/​Leaf/​Stem Extract, Bisabolol""",Cream,80.000,https://down-id.img.susercontent.com/file/id-11134207-7r98r-lzu1n8zu22elb0@resize_w900_nl.webp,https://shopee.co.id/CELETEQUE-HYDRATION-FACIAL-MOISTURIZER-100ML-Pelembab-Wajah-i.292149453.20679054894?sp_atk=6e507fd3-7d7c-444a-ac07-0eb111d86d68&xptdk=6e507fd3-7d7c-444a-ac07-0eb111d86d68
"For Skin's Sake FSS
Liquid Cream Moisturizer With Zinc Pca 1% & Squalane",Moisturizer,"""Aqua, Glycerin, Caprylic/​Capric Triglyceride, Glyceryl Stearate, Polyacrylate Crosspolymer-11, Zinc Pca, Phenoxyethanol, C15-19 Alkane, Ceteareth-20, Ceteareth-12, Cetearyl Alcohol, Cetyl Palmitate, Allantoin, Diphenyl Dimethicone, Squalane, Triethylene Glycol, Camellia Sinensis Leaf Extract, Centella Asiatica Leaf Extract, Cladosiphon Okamuranus Extract, Salix Alba (Willow) Bark Extract, Decyl Glucoside, Coffea Arabica (Coffee) Seed Extract, 1,2-Hexanediol, Citrus Aurantium Bergamia (Bergamot) Leaf Extract, Pinus Densiflora Leaf Extract""",Cair,164.000,https://down-id.img.susercontent.com/file/sg-11134201-7rd4g-m7k8xpyxq7z710@resize_w900_nl.webp,https://shopee.co.id/For-Skin%E2%80%99s-Sake-FSS-Liquid-Cream-Moisturizer-with-Zinc-PCA-1-Squalane-Pelembab-Kulit-Berminyak-Berjerawat-12-Jam-Moisture-balance-untuk-Membantu-Menjaga-Keseimbangan-Kulit-Mengurangi-Jerawat-Serta-Menghidrasi-Kulit-dengan-baik-i.99513899.27230219600?sp_atk=38c51443-6532-482b-b0f1-a7a9cb15469c&xptdk=38c51443-6532-482b-b0f1-a7a9cb15469c
"Erha Acne Act
Pore Minimizer And Oil Control Gel Cream",Moisturizer,"""Aqua, Propylene Glycol, Niacinamide, Glycerin, Aluminium Starch Octenylsuccinate, C13-15 Alkane, Cetearyl Ethylhexanoate, Dimethicone, Salicylic Acid, Zinc Gluconate, Hydroxyethyl Acrylate/​Sodium Acryloyldimethyl Taurate Copolymer, Polyacrylate Crosspolymer-6, Sodium Hydroxide, Polyacrylate Crosspolymer-11, Panthenol, Disodium EDTA, Xanthan Gum, Fragrance, Polysorbate 60, Sorbitan Isostearate, T-Butyl Alcohol, Aloe Barbadensis Leaf Extract""",Cream,99.000,https://down-id.img.susercontent.com/file/id-11134207-7ra0o-mdfte9hutrinfe@resize_w900_nl.webp,https://shopee.co.id/ERHA-Acneact-Pore-Minimizer-Oil-Control-Gel-Cream-30g-Pelembap-Kulit-Minyak-Pori-Besar-BHA-Niacinamide-i.129153987.19575234956?sp_atk=c75ece3e-a52b-4bd8-a839-b9c41bf0b15f&xptdk=c75ece3e-a52b-4bd8-a839-b9c41bf0b15f
"n'pure
Marigold Memory Bounce Moisturizer",Moisturizer,"""Water, Glycerin, Cyclopentasiloxane, Dimethicone, Butylene Glycol, Niacinamide, PEG-240/​Hdi Copolymer Bis-Decyltetradeceth-20 Ether, Calendula Officinalis Flower Extract, Silica, Panthenol, Palmitoyl Tripeptide-5, Palmitoyl Tripeptide-1, Palmitoyl Tetrapeptide-7, Copper Tripeptide-1, Acetyl Hexapeptide-8, Pentylene Glycol, Aminobutyric Acid, Bis-PEG-18 Methyl Ether Dimethyl Silane, Caprylyl Glycol, Polysilicone-11, Raffinose, Tocopheryl Acetate, PEG-9 Polydimethylsiloxyethyl Dimethicone, Carbomer, Vinyl Dimethicone/​Methicone Silsesquioxane Crosspolymer, Tromethamine, Hydrogenated Lecithin, 1,2-Hexanediol, Glyceryl Acrylate/​Acrylic Acid Copolymer, Disodium EDTA, Tocopherol, Potassium Laurate, Ethylhexylglycerin, Colloidal Gold, Aloe Barbadensis Leaf Extract, Polysorbate 20, Biotin, Cyanocobalamin, Ascorbyl Tetraisopalmitate, Pyridoxine Hcl, Linoleic Acid, Hexylene Glycol, Decylene Glycol, Oleic Acid, Totarol, Palmitic Acid, Stearic Acid, Linolenic Acid, Phenoxyethanol""",Cream,93.000,https://down-id.img.susercontent.com/file/id-11134207-7rbk2-m6ew5vo0lqfdb1.webp,https://shopee.co.id/NPURE-Marigold-Anti-Aging-Youth-Defense-Moisturizer-Aging-Cream-Flek-Hitam-Pelembap-Awet-Muda-i.115276607.20220372326?sp_atk=bbf3d440-05da-46aa-80b5-3b04b047e486&xptdk=bbf3d440-05da-46aa-80b5-3b04b047e486
"n'pure
Licorice Creamy Light Moisturizer",Moisturizer,"""Water, Caprylic/​Capric Triglyceride, Glycerin, Niacinamide, Cetyl Alcohol, 1,2-Hexanediol, Glyceryl Stearate, Caprylyl Methicone, Pentaerythrityl Tetraisostearate, Polymethylsilsesquioxane, Cetearyl Alcohol, Sodium Polyacrylate, Butyrospermum Parkii (Shea) Butter, Glycyrrhiza Uralensis (Licorice) Root Extract, Xylitylglucoside, Anhydroxylitol, Palmitoyl Tetrapeptide-10, Tranexamic Acid, Dipotassium Glycyrrhizate, Caprylyl Glycol, Cetearyl Glucoside, Xylitol, Ethylhexylglycerin, Tocopheryl Acetate, Cetyl Palmitate, Allantoin, Sodium Phytate, Glucose, Sorbitan Stearate, Polysorbate 80, Sodium Benzoate, Citric Acid, Hydrogenated Lecithin, Tocopherol, Galactomyces Ferment Filtrate, Phenoxyethanol""",Cream,93.000,https://down-id.img.susercontent.com/file/id-11134207-7rbk3-ma2kijx7qfbh2b.webp,https://shopee.co.id/NPURE-Licorice-Bright-Glow-Creamy-light-Moisturizer-Creamy-Light-Brightening-Cream-5X-Bright-Boost-Pelembap-Wajah-Cerah-Glowing-Semua-Jenis-Kulit-i.115276607.18753260681?sp_atk=9c15682d-5668-490d-81e3-f91a8caf9a2e&xptdk=9c15682d-5668-490d-81e3-f91a8caf9a2e
"n'pure
Acne Clear Barrier Moisturizer",Moisturizer,"""Water, Butylene Glycol, Centella Asiatica Leaf Water, Hydrogenated Polyisobutene, Dimethicone, Glycerin, Niacinamide, 1,2-Hexanediol, Pentylene Glycol, Panthenol, Polymethylsilsesquioxane, Ammonium Acryloyldimethyltaurate/​VP Copolymer, Polysorbate 60, Carbomer, Hydroxyacetophenone, Hydroxyethyl Acrylate/​Sodium Acryloyldimethyl Taurate Copolymer, Ethylhexylglycerin, Salicylic Acid, Dipotassium Glycyrrhizate, Sodium Phytate, Silica, Tocopherol, Hydrogenated Lecithin, Cetearyl Alcohol, Stearic Acid, Camellia Sinensis Leaf Extract, Helianthus Annuus (Sunflower) Seed Oil, Ceramide NP, Amylopectin, Centella Asiatica Extract, Dextrin, Ceramide NS, Ceramide EOP, Xanthan Gum, Dipropylene Glycol, Cholesterol, Phytosphingosine, Propanediol, Ceramide AP, Ceramide AS, Choleth-24, Phenoxyethanol, Centella Asiatica Leaf Extract, Centella Asiatica Root Extract, Saccharomyces Ferment, Madecassoside, Madecassic Acid, Asiaticoside, Asiatic Acid""",Gel,93.000,https://down-id.img.susercontent.com/file/id-11134207-7rasd-m34ewr2aoxanbe@resize_w900_nl.webp,https://shopee.co.id/NPURE-Centella-Asiatica-Acne-Clear-Barrier-Moisturizer-Acne-Moisturizer-Pelembap-Kulit-Jerawat-Krim-Berjerawat-i.115276607.4319102858?sp_atk=ce665a1c-a7c8-4587-957e-ea9af6ee7198&xptdk=ce665a1c-a7c8-4587-957e-ea9af6ee7198
"Skintific
Msh Niacinamide Brightening Moisture Gel",Moisturizer,"""Water, Butylene Glycol, Isononyl Isononanoate, Glycerin, Niacinamide, Ceramide EOP, Ceramide NS, Ceramide NG, Undecylenoyl Phenylalanine, (Msh)，Centella Asiatica Extract, Alpha-Arbutin, Ceramide NP, Tranexamic Acid, Ceramide AS, Ceramide AP, Limnanthes Alba (Meadowfoam) Seed Oil, Betaine, Jojoba Esters, Hydroxyacetophenone, Panthenol, 1,2-Hexanediol, Cetearyl Olivate, Cyclohexasiloxane, Sorbitan Olivate, Bis-PEG/​PPG-20/​5 PEG/​PPG-20/​5 Dimethicone, Methoxy PEG/​PPG-25/​4 Dimethicone, Acrylates/​C10-30 Alkyl Acrylate Crosspolymer, Dimethicone/​Vinyl Dimethicone Crosspolymer, Armillaria Matsutake Extract, Pentylene Glycol, Saccharomyces Cerevisiae Extract""",Gel,139.000,https://down-id.img.susercontent.com/file/id-11134207-7ra0g-mchaiotht64c28@resize_w900_nl.webp,https://shopee.co.id/SKINTIFIC-MSH-Niacinamide-Brightening-Moisturizer-Gel-30g-Brightening-Cream-Krim-Pencerah-Dark-Spot-Pelembab-Wajah-pencerah-Wajah-Facial-Moisturizer-Day-Cream-Night-Cream-Skincare-BPOM-Niacinamide-with-MSH-Niacinamide-Arbutin-Acid-i.380266264.18453646824?sp_atk=cfbe7b79-1b3d-4ee7-a6b6-a49e587e263d&xptdk=cfbe7b79-1b3d-4ee7-a6b6-a49e587e263d
"Skintific
5x Ceramide Barrier Moisturizer Gel",Moisturizer,"""Aqua, Butylene Glycol, Hydrogenated Polyisobutene, Dimethicone, Glyserin, Propylene Glycol, 1,2-Hexanediol, Hydroxyacetophenone, PEG-400, Ammonium Acryloyldimethyl Taurate/​VP Copolymer, Hydrogenated Lecithin, Panthenol, Phytosteryl/​Octyldodecyl Lauroyl Glutamate, Carbomer, Allantoin, Pca, Hydroxyethyl Acrylate/​Sodium Acryloyldimethyl Taurate Copolymer, Squalane, Ceramide NP, Ceramide Ns/​Ng, Ceramide AS, Ceramide EOP, Ceramide AP, Sodium Hyaluronate, Hydrolyzed Collagen, Centella Asiatica Extract, Sodium Hydroxide, Hamamelis Virginiana Extract, Trehalose, Ectoin, Sophora Flavescens Root Extract, Opuntia Ficus-Indica Stem Extract, Ophiopogon Japonicus Root Extract, Yeast Polysaccharides, Pentylene Glycol, Disodium EDTA, Tocopherol, Polysorbate 60, T-Butyl Alcohol, Citrus Aurantium Amara (Bitter Orange) Flower Oil, Sorbitan Isostearate, Citrus Aurantium Bergamia (Bergamot) Fruit Oil, Citrus Medica Limonum (Lemon Peel) Oil""",Gel,139.000,https://down-id.img.susercontent.com/file/sg-11134201-7rcc0-m66ir4vzjw7y59.webp,https://shopee.co.id/SKINTIFIC-5X-Ceramide-Barrier-Moisturizer-Gel-30g-Pelembab-Ringan-Lembap-Perbaiki-Skin-Barrier-dan-Mencerahkan-i.380266264.29326034381?sp_atk=b14e4594-c6ac-4a24-9438-1dd05dd1022f&xptdk=b14e4594-c6ac-4a24-9438-1dd05dd1022f
"Skintific
Retinol Skin Renewal Moisturizer",Moisturizer,"""Aqua, Butylene Glycol, Glycerin, Cetearyl Olivate, Cetearyl Alcohol, Niacinamide, Acetyl Glucosamine, Squalane, Sorbitan Olivate, Caprylic/​Capric Triglyceride, Coco-Caprylate/​Caprate, Dimethicone, Phytol, Retinol, 1,2-Hexanediol, Hydroxyacetophenone, Ammonium Acryloyldimethyltaurate/​VP Copolymer, Zinc Pca, Hydrolyzed Hibiscus Esculentus Extract, Ectoin, Portulaca Oleracea Extract, Lactobacillus/​Soymilk Ferment Filtrate, Ceramide NP, Ceramide NS, Ceramide AS, Ceramide EOP, Ceramide AP, Tocopheryl Acetate, Hydrogenated Lecithin, Acetyl Hexapeptide-8, Olea Europaea Fruit Extract, Piper Methysticum Root Extract, Adansonia Digitata Seed Extract, Bisabolol, Sodium Hyaluronate, Ubiquinone, Theobroma Cacao Seed Extract, Dimethyl Isosorbide, Xanthophyll, Hydroxyethylcellulose, Phenoxyethanol, Ethylhexylglycerin, Chlorphenesin""",Gel,149.000,https://down-id.img.susercontent.com/file/id-11134207-7rbk3-m9h3f4cfb2ma6a.webp,https://shopee.co.id/SKINTIFIC-Retinol-Skin-Renewal-Moisturizer-30g-Retinoid-Memudarkan-Garis-Halus-Memudarkan-Kerutan-Menghaluskan-Tekstur-Kulit-Anti-Aging-Menyamarkan-Garis-Halus-Meratakan-Warna-Kulit-i.380266264.26302856332?sp_atk=de1b7dcd-2758-49fd-ac9b-40550f475d4e&xptdk=de1b7dcd-2758-49fd-ac9b-40550f475d4e
"Skintific
5% Panthenol Acne Calming Water Gel",Moisturizer,"""Water, Panthenol, Methyl Gluceth-20, Dipropylene Glycol, Centella Asiatica Extract, Calendula Officinalis Extract, Avena Sativa (Oat) Kernel Extract, Phaeodactylum Tricornutum Extract, Chlorella Vulgaris Extract, Pentylene Glycol, Acrylates/​C10-30 Alkyl Acrylate Crosspolymer, Tromethamine, 1,2-Hexanediol, Ceramide NP, Ceramide AS, Ceramide NS, Ceramide NG, Ceramide AP, Ceramide EOP, Butylene Glycol, Glycerophosphoinositol Choline, Glycerin, Ammonium Acryloyldimethyltaurate/​VP Copolymer, Hydrogenated Lecithin, Ectoin, Tocopherol, Pentasodium Pentetate, Erythritol, Propanediol, Phytic Acid, Silver Oxide, Diethoxyethyl Succinate, Hydroxyphenyl Propamidobenzoic Acid, Lecithin, Sodium Ascorbate, Ascorbyl Palmitate""",Gel,139.000,https://down-id.img.susercontent.com/file/id-11134207-7rbk6-mas3f9lrvblk3a@resize_w900_nl.webp,https://shopee.co.id/SKINTIFIC-5-Panthenol-Acne-Calming-Water-Gel-45g-Exfoliating-Perawatan-Wajah-Calming-untuk-Melembabkan-Whitening-Brightening-Pelembab-Pemutih-Wajah-Facial-Moisturizer-Day-Cream-Night-Cream-Skincare-BPOM-Niacinamide-with-Medaca-Centella-Ceramide-i.380266264.21289054125?sp_atk=0a4ffdcd-b6a2-4612-ada5-db23ac96aea0&xptdk=0a4ffdcd-b6a2-4612-ada5-db23ac96aea0
"Skintific
Truffle Biome Skin Reborn Cream Gel Moisturizer",Moisturizer,"""Aqua, Butylene Glycol, Glycerin, Tuber Magnatum Extract, Ceramide EOP, Ceramide NS, Ceramide NG, Lactobacillus/​Soy Milk Ferment Filtrate, Bifida Ferment Lysate, Ceramide NP, Ceramide AS, Ceramide AP, Hyaluronic Acid, Centella Asiatica Extract, Dipropylene Glycol, Isohexadecane, Ethylhexyl Palmitate, Panthenol, Hydroxyethyl Urea, Hydroxyethylpiperazine Ethane Sulfonic Acid, Cetearyl Alcohol, 1,2-Hexanediol, Acrylates/​C10-30 Alkyl Acrylate Crosspolymer, Carbomer, Allantoin, Propanediol, VP/​Hexadecene Copolymer, Hydroxyacetophenone, Bisabolol, Pentylene Glycol, Gentiana Scabra Root Extract, Cynanchum Atratum Extract, Xanthan Gum, Inulin, Polyglyceryl-10 Stearate, Disodium EDTA, Ethylhexylglycerin, Caprylic/​Capric Triglyceride, C13-14 Isoparaffin, Centella Asiatica Root Extract, Alpha-Glucan Oligosaccharide, Crocus Sativus Flower Extract, Piper Methysticum Leaf/​Root/​Stem Extract, PPG-26-Buteth-26, Lactococcus Ferment Lysate, Zingiber Officinale (Ginger) Root Extract, Caprylhydroxamic Acid""",Gel,149.000,https://down-id.img.susercontent.com/file/id-11134207-81ztc-mer0dwlhgcg6ff@resize_w900_nl.webp,https://shopee.co.id/-NEW-FORMULA-SKINTIFIC-ECTOIN-SKIN-CREAM-GEL-MOISTURIZER-30g-Menjaga-Skin-barrier-Cream-Pemutih-Wajah-Calming-Whitening-Dark-Spot-Pelembab-Wajah-Pemutih-Wajah-Facial-Moisturizer-Skincare-BPOM-Niacinamide-with-White-Truffle-Ceramide-i.380266264.23626146957?sp_atk=e1c74d2d-2d78-4c76-941c-c86a0ff4fd83&xptdk=e1c74d2d-2d78-4c76-941c-c86a0ff4fd83
"Skintific
Symwhite 377 Dark Spot Moisture Gel",Moisturizer,"""Aqua, Propanediol, Glutathione, Caprylyl Methicone, Bifida Ferment Lysate, Tranexamic Acid, Niacinamide, Erythritol, Glycerin, Caprylic/​Capric Triglyceride, Phenylethyl Resorcinol, Panthenol, Hydroxyethylpiperazine Ethane Sulfonic Acid, Limnanthes Alba Seed Oil, Centella Asiatica Extract, Isononyl Isononanoate, Butylene Glycol, Cetearyl Olivate, Ceramide NP, Ceramide NS, Ammonium Acryloyldimethyltaurate/​Beheneth-25 Methacrylate Crosspolymer, Ceramide AP, Ceramide AS, Dimethicone/​Vinyl Dimethicone Crosspolymer, Ceramide EOP, Potassium Cetyl Phosphate, Pentylene Glycol, Hydroxyacetophenone, Acrylates/​C10-30 Alkyl Acrylate Crosspolymer, Sorbitan Olivate, Tromethamine, Sodium Hyaluronate, Inositol, Aesculus Chinensis Extract, Polymethylsilsesquioxane, Caprylyl Glycol, PEG/​PPG-17/​6 Copolymer, Nonapeptide-1, Phytosteryl/​Octyldodecyl Lauroyl Glutamate, Cyclodextrin, Dimethicone, Bis-PEG/​PPG-20/​5 PEG/​PPG-20/​5 Dimethicone, Methoxy PEG/​PPG-25/​4 Dimethicone, Adenosine, Cholesterol, Phytosphingosine, Hydrogenated Lecithin, Ethylhexylglycerin, 1,2-Hexanediol, Tocopherol, Stearic Acid, Cetearyl Alcohol, Tocopheryl Acetate, Silica, Disodium EDTA, Xanthan Gum""",Cream,149.000,https://down-id.img.susercontent.com/file/id-11134207-81zti-me9i7irenwuec3@resize_w900_nl.webp,https://shopee.co.id/SKINTIFIC-377-Dark-Spot-Moisturizer-Gel-30g-Penyamar-Noda-Hitam-Meratakan-Warna-Kulit-Cream-Pemutih-Wajah-Calming-Whitening-Pelembab-Wajah-Pemutih-Facial-Moisturizer-Day-Night-Cream-Skincare-BPOM-with-Tranexamic-Acid-i.380266264.22957138305?sp_atk=342c802b-ca5d-4474-9803-df78eada3d48&xptdk=342c802b-ca5d-4474-9803-df78eada3d48
"Skintific
Sensitive Moisture Gel",Moisturizer,"""Aqua, Butylene Glycol, Diethoxyethyl Succinate, Squalane, Cetearyl Olivate, Sorbitan Olivate, Dimethicone, Ammonium Acryloyldimethyltaurate/​VP Copolymer, Hydroxyacetophenone, 1,2-Hexanediol, Cetearyl Alcohol, Coco-Caprylate/​Caprate, Ectoin, Cyanocobalamin, Lactobacillus/​Soymilk Ferment Filtrate, Pentylene Glycol, Acrylates/​C10-30 Alkyl Acrylate Crosspolymer, Bisabolol, Portulaca Oleracea Extract, Ceramide NS, Sodium Hyaluronate, Hydroxyphenyl Propamidobenzoic Acid, Citric Acid, Centella Asiatica Extract, Asiaticoside""",Gel,149.000,https://down-id.img.susercontent.com/file/id-11134207-81ztf-mdy9pqcnti4mb8.webp,https://shopee.co.id/SKINTIFIC-Sensitive-Moisture-Gel-40ml-Calm-Repair-2in1-Moisturizer-Acne-Barrier-Calm-Down-Skin-Calming-Moisturizer-Lightweight-Gel-Pelembab-Wajah-Kulit-Sensitif-Bertekstur-Gel-yang-Ringan-with-Vitamin-B12-Ectoin-Ceramide-Centella-i.380266264.24440571490?sp_atk=31963573-7256-47d5-933b-02bec572cb59&xptdk=31963573-7256-47d5-933b-02bec572cb59
"Wardah
Plump & Firm Gel Moisturizer",Moisturizer,"""Aqua, Dimethicone, Niacinamide, Glycerin, Methyl Gluceth-20, Trisiloxane, Dimethicone/​Vinyl Dimethicone Crosspolymer, SH-Polypeptide-123, Acetyl Hexapeptide-8, Propanediol, Ammonium Acryloyldimethyltaurate/​VP Copolymer, 1,2-Hexanediol, Polysorbate 20, Carbomer, Hydrogenated Polydecene, Allantoin, Chlorphenesin, Disodium EDTA, Silica, Caprylhydroxamic Acid, Potassium Hydroxide, Titanium Dioxide, Ceramide NP, Cetearyl Alcohol, Glyceryl Stearate, Caprylyl Glycol, Fragrance, Ceramide AP, Cholesterol, Hydrogenated Lecithin, Phytosphingosine, Stearic Acid, Tetraacetylphytosphingosine, Xanthan Gum, Ceramide EOP, Glycosphingolipids""",Gel,129,https://down-id.img.susercontent.com/file/id-11134207-81ztg-meib8yjfwq9sc0@resize_w900_nl.webp,https://shopee.co.id/WARDAH-Gel-Moisturizer-Series-30-g-NEW!-Collagen-Moist-Tranexamic-Alpha-Arbutin-Symradiance-Cica-Complex-Panthenol-Ceramide-14X-Hyaluronic-Pentavitin-Vitamin-C-Adenosine-Skincare-i.59763733.25664563943?sp_atk=74ed0243-b4a7-45e6-a083-f088c9b24003&xptdk=74ed0243-b4a7-45e6-a083-f088c9b24003
"Wardah
Deep Water Restore Gel Moisturizer",Moisturizer,"""Aqua, Trisiloxane, Glycerin, Triheptanoin, Butylene Glycol, Trehalose, Biosaccharide Gum-1, Ammonium Acryloyldimethyltaurate/​VP Copolymer, Dimethicone, Saccharide Isomerate, Bisabolol, Phenoxyethanol, Beta-Glucan, Sodium Hyaluronate, Hydrolyzed Hyaluronic Acid, Hyaluronic Acid, Hydrolyzed Sodium Hyaluronate, Hydroxypropyltrimonium Hyaluronate, Potassium Hyaluronate, Sodium Acetylated Hyaluronate, Sodium Hyaluronate Crosspolymer, C12-13 Alkyl Glyceryl Hydrolyzed Hyaluronate, Brassica Campestris (Rapeseed) Seed Oil, Pentylene Glycol, Carbomer, Polyglyceryl-3 Methylglucose Distearate, Dimethicone/​Vinyl Dimethicone Crosspolymer, Glycereth-20, Disodium EDTA, Polysorbate 20, Amodimethicone, Chlorphenesin, Sodium Hydroxide, Silica, Tocopheryl Acetate, Potassium Hydroxide, Fragrance, Rose Extract, Propanediol, Citric Acid, Sodium Citrate, Caprylyl Glycol, PEG-32, Ethylhexylglycerin, Diazolidinyl Urea, Tocopherol, Trideceth-9, PEG-40 Hydrogenated Castor Oil, Ci 19140, Ci 17200""",Gel,114.000,https://down-id.img.susercontent.com/file/sg-11134201-7raty-mb3negzx64pv79.webp,https://shopee.co.id/WARDAH-Gel-Moisturizer-Series-30-g-NEW!-Collagen-Moist-Tranexamic-Alpha-Arbutin-Symradiance-Cica-Complex-Panthenol-Ceramide-14X-Hyaluronic-Pentavitin-Vitamin-C-Adenosine-Skincare-i.59763733.25664563943?sp_atk=74ed0243-b4a7-45e6-a083-f088c9b24003&xptdk=74ed0243-b4a7-45e6-a083-f088c9b24003
"Wardah
Symradiance 399 5% Niacinamide Bright & Barrier Boost Moisture Gel",Moisturizer,"""Aqua, Niacinamide, C13-15 Alkane, Glycerin, Butylene Glycol, Ammonium Acryloyldimethyltaurate/​VP Copolymer, Dimethicone, Phenoxyethanol, Carbomer, Pentylene Glycol, Dimethicone/​Vinyl Dimethicone Crosspolymer, Glycereth-20, Tocopheryl Acetate, Amodimethicone, Chlorphenesin, Sodium Hydroxide, Silica, Allantoin, Potassium Hydroxide, Fragrance, Actinidia Polygama Fruit Extract, Trideceth-9, PEG-40 Hydrogenated Castor Oil, Glycyrrhiza Glabra (Licorice) Root Extract, Phenylethyl Resorcinol, Propylene Glycol, Sclareolide, Ethylhexylglycerin, Citric Acid, Ci 42090, Ci 17200""",Gel,58.000,https://down-id.img.susercontent.com/file/id-11134207-81zto-meib8yjg0xz471@resize_w900_nl.webp,https://shopee.co.id/WARDAH-Gel-Moisturizer-Series-30-g-NEW!-Collagen-Moist-Tranexamic-Alpha-Arbutin-Symradiance-Cica-Complex-Panthenol-Ceramide-14X-Hyaluronic-Pentavitin-Vitamin-C-Adenosine-Skincare-i.59763733.25664563943?sp_atk=74ed0243-b4a7-45e6-a083-f088c9b24003&xptdk=74ed0243-b4a7-45e6-a083-f088c9b24003
"Scarlett Whitening
Brightly Ever After Day Cream",Moisturizer,"""Aqua, Ethylhexyl Methoxycinnamate, Squalane, Niacinamide, C13-15 Alkane, Cetearyl Alcohol, Propanediol, Glycerin, C12-15 Alkyl Benzoate, Dimethicone, Rosa Canina Seed Extract, Annona Cherimola Fruit Extract, Cetyl Alcohol, Glyceryl Stearate, Phenoxyethanol, Ceteareth -33, Titanium Dioxide, Dipropylene Glycol Dibenzoate, Butylene Glycol, PEG-23 Stearate, DMDM Hydantoin, Polyacrylate Crosspolymer -6, Boswellia Serrata Oil, Steareth - 20, Caesalpinia Spinosa Gum, PPG-15 Stearyl Ether Benzoate, Ascorbyl Glucoside, Ethylhexylglycerin, Ethanol, Ceteth -20, Oleth -10, Polysorbate 60, Glutathione, Caulerpa Lentillifera Extract, Aminomethyl Propanol, Pelargonium Graveolens Oil, Citrus Limon Peel Oil, Aluminum Hydroxide, Sodium Citrate, Cystoseira TamariscIfolia Extract, Sodium Benzoate, Triethoxycaprylylsılane, Methyl Methacrylate Crosspolymer, Mastic Gum, Lecithin, T-Butyl Alcohol, Ceratonia Siliqua (Carob) Seed Extract, Dryopteris Filix-Mas Root Extract, Simethicone, Phenylpropanol, Sodium Dehydroacetate, Citric Acid, Acetyl Hexapeptide-8, 2-Amino-1-butanol""",Cream,60.000,https://down-id.img.susercontent.com/file/id-11134207-81zti-mfep225kq499e4.webp,https://shopee.co.id/Scarlett-Whitening-Brightly-Ever-After-Day-Cream-Moisturizer-Krim-Pelembab-Wajah-untuk-Mencerahkan-Melembabkan-Memudarkan-Noda-Hitam-di-Kulit-Wajah-dengan-Sensasi-Menyegarkan-Kombinasi-Glutathione-Niacinamide-sebagai-Pemutih-Wajah-i.255365082.9413370635?sp_atk=4dc8c3a9-ed9b-44b0-8ed7-bdd4b5f39198&xptdk=4dc8c3a9-ed9b-44b0-8ed7-bdd4b5f39198
"Scarlett Whitening
Brightly Ever After Night Cream",Moisturizer,"""Aqua, Niacinamide, C13-15 Alkane, Squalane, Cetearyl Alcohol, Dimethicone, Glycerin, Cetyl Alcohol, Glyceryl Stearate, Rosa Canina Seed Extract, Isopentyldiol, Annona Cherimola Fruit Extract, Ceteareth -33, 2-Phenoxyethanol, PEG-23 Stearate, Polyacrylate Crosspolymer-6, DMDM Hydantoin, Butylene Glycol, Steareth-20, Boswellia Serrata Oil, Caesalpinia Spinosa Gum, Ascorbyl Glucoside, Ethylhexylglycerin, Ethanol, Ceteth - 20, Glutathione, Titanium Dioxide, 1,2-Hexanediol, Caulerpa Lentillifera Extract, Pelargonium Graveolens Oil, Citrus Limon Peel Oil, Sodium Lactate, Sodium PCA, Aminomethyl Propanol, Phaseolus Radiatus Seed Extract, Canavalia Gladiata Seed Extract, Glycine Soja (Soybean) Seed Extract, Lens Esculenta (Lentil) Seed Extract, Ceratonia Siliqua (Carob) Seed Extract, Pueraria Lobata Root Extract, Lactobacillus Ferment Lysate, Sodium Citrate, T-Butyl Alcohol, Sodium Benzoate, Mastic Gum, Lecithin, Kappaphycus Alvarezii Extract, Oleth-10, Polysorbate 60, Ceratonia Siliqua (Carob) Seed Extract, Citric Acid, Phenylpropanol, Sodium Dehydroacetate, Aluminum Hydroxide, Triethoxycaprylylsilane, Methyl Methacrylate Crosspolymer, Glycyrrhiza Uralensis (Licorice) Root Extract, Lactic Acid, Simethicone, Acetyl Hexapeptide-8, Glycine, Fructose, 2-Aminobutanol, Urea, Inositol""",Cream,60.000,https://down-id.img.susercontent.com/file/id-11134207-81ztj-mfep225kritp80.webp,https://shopee.co.id/Scarlett-Whitening-Brightly-Ever-After-Night-Cream-Moisturizer-Krim-Pelembab-Wajah-untuk-Mencerahkan-Melembabkan-Memudarkan-Noda-Hitam-di-Kulit-Wajah-dengan-Sensasi-Menyegarkan-Kombinasi-Licorice-Extract-Niacinamide-sebagai-Pemutih-Wajah-i.255365082.9613366246?sp_atk=01ee4342-bfdc-4543-a1be-f43f37fb6aac&xptdk=01ee4342-bfdc-4543-a1be-f43f37fb6aac
"BioAqua
Symwhite 377 Whitening & Fade Dark Spot Cream",Moisturizer,"""Aqua, Niacinamide, Propylene Glycol, Isohexadecane, Glycereth-26, Trehalose, Hydroxyethyl Acrylate/​Sodium Acryloyldimethyl Taurate Copolymer, Phenylethyl Resorcinol, Allantoin, Glycerin, Hydroxyacetophenone, Carbomer, Centella Asiatica Extract, Caprylhydroxamic Acid, Ethylhexylglycerin, Potassium Hydroxide, Glyceryl Caprylate, Bifida Ferment Extract, Shea Butter (Butyrospermum Parkii), Tranexamic Acid, Bifida Ferment Filtrate, Hydrolyzed Rhodophyceae Extract, Dextran, Sophora Flavescens Root Extract, Portulaca Oleracea Extract, Mica, Ceramide NS, Ceramide NP, Ceramide NG, Ceramide EOS, Ceramide EOP, Ceramide AS, Ceramide AP, Hexapeptide-8, Oligopeptide-1, Carnosine, Hydrolyzed Hyaluronic Acid, Hyaluronic Acid, Sodium Hyaluronate""",Cream,66.000,https://down-id.img.susercontent.com/file/id-11134207-81ztd-mf7y92g3lsss26@resize_w900_nl.webp,https://shopee.co.id/BIOAQUA-Moisturizer-SymWhite-377-Cream-Pemutih-Wajah-50g-Krim-Penghilang-Flek-Hitam-Di-Wajah-Whitening-Fade-Dark-Spot-Mosturizer-Mencerahkan-Day-Cream-Night-Cream-Pelembab-Wajah-Kering-Dan-Kusam-Moisturizing-Brightening-i.297682305.18474821895?sp_atk=7aa34f00-3776-472f-8bc7-0f5cb9b8f5bb&xptdk=7aa34f00-3776-472f-8bc7-0f5cb9b8f5bb
"Acnaway
Mugwort Water Gel Moisturizer",Moisturizer,"""Aqua, Butylene Glycol, Betaine, PEG/​PPG-17/​6 Copolymer, Acrylates/​C10-30 Alkyl Acrylate Crosspolymer, Arginine, 1,2-Hexanediol, PPG-5-Ceteth-20, Artemisia Vulgaris Extract, Centella Asiatica Leaf Extract, Propylene Glycol, Panthenol, PEG/​PPG-14/​7 Dimethyl Ether, Allantoin, Pentylene Glycol, Caprylhydroxamic Acid, Dipotassium Glycyrrhizate, Phenoxyethanol, Ethylhexylglycerin, Avena Sativa (Oat) Kernel Extract, Sodium Hyaluronate, Lavandula Angustifolia Oil, Lactobacillus/​Soymilk Ferment Filtrate, Portulaca Oleracea Extract, Melaleuca Alternifolia (Tea Tree) Leaf Oil, Aloe Barbadensis Leaf Juice""",Gel,38.000,https://down-id.img.susercontent.com/file/id-11134207-7ra0g-mdmz5o4ag15705.webp,https://shopee.co.id/ACNAWAY-Mugwort-Water-Gel-Moisturizer-Moisture-Gel-Pelembab-Wajah-Untuk-Kulit-Berjerawat-Acne-Friendly-Melembapkan-Wajah-Sensitif-Cooling-Soothing-Gel-Untuk-Kulit-Kemerahan-Acne-Prone-Daily-Moist-Anti-Acne-Cepat-Menyerap-Skincare-Calming-Centella-Cream-i.600850936.20085052245?sp_atk=438afdd1-968a-4452-8690-60b3d03d0837&xptdk=438afdd1-968a-4452-8690-60b3d03d0837
"Hanasui
Power Bright Expert Serum",Serum,"""Aqua, Niacinamide, Glycerine, Hydroxyethyl Urea, Betaine, Methyl Gluceth-20, Ethoxydiglycol, Propanediol, Phenoxyethanol, Cyclopentasiloxane, Biosaccharide Gum-1, Butylene Glycol, Hydroxyethyl Acrylate Sodium Acryloyldimethyl Taurate Copolymer, Polyacrylate Crosspolymer-6, Ethylhexyl Cocoate, Allantoin, Pisum Sativum (Pea) Extract, Dimethiconol, Ethylhexylglycerin, Disodium EDTA, Tocopheryl Acetate, Sodium Hyaluronate, Chenopodium Quinoa Seed Extract, Glycyrrhiza Glabra Licorice Root Extract, Dimethylmethoxy Chromanyl Palmitate""",Cair,31000,https://down-id.img.susercontent.com/file/id-11134207-7ra0g-mdmx69u1sa7o6c@resize_w900_nl.webp,https://shopee.co.id/(REAL-10-ADVANCE-NIACINAMIDE)-Hanasui-Power-Bright-Expert-Serum-Mencerahkan-Kurangi-Bintik-Hitam-Bekas-Jerawat-i.129681299.20628506418?sp_atk=bcda6516-4844-49f6-9f5e-3f10d562113f&xptdk=bcda6516-4844-49f6-9f5e-3f10d562113f
"Hanasui
Vitamin C + Collagen Serum",Serum,"""Aqua, Glycerin, Butylene Glycol, Niacinamide, Sodium Ascorbyl Phosphate, Betaine, Biosaccharide Gum-1, Ethoxydiglycol, Phenoxyethanol, Collagen, Carbomer, Allantoin, Xanthan Gum, Fragrance, Triethylene Glycol, Aminomethyl Propanol, Sodium Hyaluronate, Tetrasodium EDTA, Hydrogenated Lecithin, Glycine Soja Sterols, Sodium Polygamma-Glutamate, 2-Aminobutanol, Chlorphenesin""",Cair,28000,https://down-id.img.susercontent.com/file/id-11134207-81ztn-mez9nh1k1czxb7@resize_w900_nl.webp,https://shopee.co.id/Hanasui-Vitamin-C-Collagen-Serum-Lembap-Hidrasi-Cerah-Collagen-2-Niacinamide-1-Vitamin-C-i.129681299.2334973182?sp_atk=063fb689-4f85-496b-97de-883e734e69d2&xptdk=063fb689-4f85-496b-97de-883e734e69d2
"Hanasui
Whitening Gold Serum",Serum,"""Aqua, Niacinamide, Glycerine, Propylene Glycol, Carbomer, Sodium Ascorbyl Phosphate, Phenoxyethanol, Allantoin, Tetrasodium EDTA, Fragrance, Dimethicone/​Vinyl Dimethicone Crosspolymer, Triethanolamine, Ci. 77019, Ci 77491, Ci 77891, Silica, Isoceteth-10, Collagen""",Cair,28000,https://down-id.img.susercontent.com/file/id-11134207-81ztp-mez9nhqz24uj86@resize_w900_nl.webp,https://shopee.co.id/Hanasui-Whitening-Gold-Serum-Cerah-Glowing-Kurangi-Bintik-Hitam-Lawan-Tanda-Penuaan-4-Niacinamide-2-Vitamin-C-i.129681299.2334973160?sp_atk=c7764ac7-1c1e-4645-a2d8-cdeab8732531&xptdk=c7764ac7-1c1e-4645-a2d8-cdeab8732531
"Hanasui
Vitamin C Serum",Serum,"""Aqua, Glycerin, Butylene Glycol, Sodium Ascorbyl Phosphate (2.0%), Niacinamide (2.0%), Urea, Betaine (1.0%), Biosaccharide Gum-1, Ethoxydiglycol, Phenoxyethanol, Citric Acid, Carbomer, Allantoin, Xanthan Gum, Fragrance, Triethylene Glycol, Aminomethyl Propanol, Disodium EDTA, Sodium Metabisulfite, Hydrogenated Lecithin, Ci 15985, Glycine Soja (Soybean) Sterols, Sodium Polygamma-Glutamate, 2-Aminobutanol, Chlorphenesin""",Cair,28000,https://down-id.img.susercontent.com/file/id-11134207-7rase-m1pfbmf0y3q43f@resize_w900_nl.webp,https://shopee.co.id/Hanasui-Serum-Vitamin-C-Mencerahkan-Pudarkan-Bintik-Hitam-2-Vitamin-C-2-Niacinamide-1-Betaine-i.129681299.2334973164?sp_atk=03a65d06-7e87-4336-8eb4-a2d34ca0b64a&xptdk=03a65d06-7e87-4336-8eb4-a2d34ca0b64a
"Hanasui
Power Acne Serum",Serum,"""Aqua, Butylene Glycol, Hydroxyethyl Urea, Betaine, Methyl Gluceth-20, Salicylic Acid, Glycolic Acid, Propanediol, Ethoxydiglycol, Succinic Acid, Phenoxyethanol, Biosaccharide Gum-1, Glycerin, PEG-20, Caprylic/​Capric Triglyceride, PEG-60 Almond Glycerides, Vaccinium Myrtillus Fruit Extract, Caprylyl Glycol, Allantoin, Ammonium Acryloyldimethyltaurate/​VP Copolymer, Arginine, Saccharum Officinarum (Sugar Cane) Extract, Ethylhexylglycerin, Lecithin, Dehydroxanthan Gum, Disodium EDTA, Tocopheryl Acetate (Vitamin E), Sodium Hyaluronate, Citrus Aurantium Dulcis (Orange) Fruit Extract, Citrus Limon (Lemon) Fruit Extract, Ascorbic Acid (Vitamin C), Acer Saccharum (Sugar Maple) Extract, Platycarya Strobilacea Extract, Psoralea Corylifolia Fruit Extract, Sophora Flavescens Root Extract, Carbomer, Nordihydroguaiaretic Acid, Oleanolic Acid""",Cair,31000,https://down-id.img.susercontent.com/file/id-11134207-7ra0r-mdmx69u1tos468.webp,https://shopee.co.id/Hanasui-Power-Acne-Serum-Jerawat-Beruntusan-Menenangkan-Kurangi-Produksi-Minyak-Salicylic-Acid-dan-Glycolic-Acid-i.129681299.16180568957?sp_atk=d3fd21f2-80e1-44de-ada6-93fdf3cb13c7&xptdk=d3fd21f2-80e1-44de-ada6-93fdf3cb13c7
"Hanasui
Power Bright Serum",Serum,"""Aqua, Niacinamide, Glycerine, Hydroxyethyl Urea, Betaine, Methyl Gluceth-20, Ethoxydiglycol, Propanediol, Phenoxyethanol, Biosaccharide Gum -1, Hydroxyethyl Acrylate/​Sodium Acryloyldimethyl Taurate Copolymer, Polyacrylate Crosspolymer-6, Acetyl Glycyl Beta-Alanine, Allantoin, Pisum Sativum (Pea) Extract, Ethylhexylglycerin, Disodium EDTA, Tocopheryl Acetate, Sodium Hyaluronate, Chenopodium Quinoa Seed Extract""",Cair,31000,https://down-id.img.susercontent.com/file/id-11134207-7ra0i-mdpip1tgcpzjc6.webp,https://shopee.co.id/Hanasui-Power-Bright-Serum-5-Advance-Niacinamide-Mencerahkan-Kurangi-Bintik-Hitam-Bekas-Jerawat-Ratakan-Warna-Kulit-i.129681299.18928506017?sp_atk=5dd1c767-677b-458a-8a7a-68e74755ba02&xptdk=5dd1c767-677b-458a-8a7a-68e74755ba02
"Hanasui
Anti Acne Serum",Serum,"""Aqua, Ethanol, Butylene Glycol, Glycerin, Niacinamide, Biosaccharide Gum-1, Ethoxydiglycol, Hydroxyethylcellulose, Phenoxyethanol, PEG-40 Hydrogenated Castor Oil, Salicylic Acid, PEG-60 Almond Glycerides, Caprylyl Glycol, Centella Asiatica Leaf Extract, Propylene Glycol, Allantoin, Propanediol, Fragrance, Sodium Hydroxide, Triethylene Glycol, Disodium EDTA, Platycarya Strobilacea Extract, Psoralea Corylifolia Fruit Extract, Sophora Flavescens Root Extract, Carbomer, Nordihydroguaiaretic Acid, Oleanolic Acid, Citric Acid, Potassium Sorbate, Sodium Benzoate""",Cair,28000,https://down-id.img.susercontent.com/file/id-11134207-81ztl-mez9nhqzak9736@resize_w900_nl.webp,https://shopee.co.id/Hanasui-Anti-Acne-Serum-Jerawat-Beruntusan-Menenangkan-dengan-Centella-Asiatica-Salicylic-Acid-Niacinamide-i.129681299.2334973158?sp_atk=6fb819bf-a863-4c1b-8ef8-97f962566c98&xptdk=6fb819bf-a863-4c1b-8ef8-97f962566c98
"Hanasui
Power Peeling Serum",Serum,"""Aqua, Lactic Acid, Glycerin, Gluconolactone, Butylene Glycol, Glycolic Acid, Mandelic Acid, Pentylene Glycol, Succinic Acid, Salicylic Acid, Sodium Hydroxide, Phenoxyethanol, Tranexamic Acid, Xanthan Gum, Vaccinium Myrtillus (Bilberry) Fruit Extract, Allantoin, Panthenol, Sodium Hyaluronate, Arginine, Propylene Glycol, Saccharum Officinarum (Sugar Cane) Extract, Disodium EDTA, Aloe Barbadensis Extract, Centella Asiatica (Cica) Leaf Extract, Triethylene Glycol, Citrus Aurantium Dulcis (Orange) Fruit Extract, Citrus Limon (Lemon) Fruit Extract, Acer Saccharum (Sugar Maple) Extract, Artemisia Vulgaris (Mugwort) Extract, Citric Acid, Potassium Sorbate, Sodium Benzoate""",Cair,31000,https://down-id.img.susercontent.com/file/id-11134207-7ra0h-mdpip1tgfj4fdf.webp,https://shopee.co.id/Hanasui-Power-Peeling-Serum-Eksfoliasi-Wajah-Mencerahkan-Angkat-Sel-Kulit-Mati-Komedo-Kulit-Tidak-Iritasi-Kering-i.129681299.13495320054?sp_atk=f354aa57-3e58-4631-9d33-f6f7f6610ba2&xptdk=f354aa57-3e58-4631-9d33-f6f7f6610ba2
"Hanasui
Power Minipore Serum",Serum,"""Aqua, Niacinamide, Butylene Glycol, Hydroxyethyl Urea, Pyridoxine Cyclic Phosphate (Vitamin B6), Betaine, Methyl Gluceth-20, Ethoxydiglycol, Succinic Acid, Phenoxyethanol, Salicylic Acid, Biosaccharide Gum - 1, PEG-20, Glycerin, Caprylic/​Capric Triglyceride, Allantoin, Dehydroxanthan Gum, Ethylhexylglycerin, Lecithin, Disodium EDTA, Tocopheryl Acetate, Sodium Hyaluronate, Harungana Madagascariensis Extract, Ascorbic Acid""",Cair,31000,https://down-id.img.susercontent.com/file/id-11134207-7ra0h-mdpip1tge4jzc5@resize_w900_nl.webp,https://shopee.co.id/Hanasui-Power-Mini-Pore-Serum-Kurangi-Komedo-Kontrol-Minyak-Berlebih-Pori-tersumbat-Salicylic-Acid-i.129681299.18228529005?sp_atk=f3999fc7-05a6-4700-ac16-5a9978543900&xptdk=f3999fc7-05a6-4700-ac16-5a9978543900
"Hanasui
Power Barrier Serum",Serum,"""Aqua, Niacinamide, Saccharide Isomerate, Glycerin, Hydroxyethyl Urea, Pentylene Glycol, Betaine, Biosaccharide Gum-1, Centella Asiatica Leaf Extract, Propanediol, Phenoxyethanol, PEG-40 Hydrogenated Castor Oil, Inositol, Hydroxyethyl Acrylate/​Sodium Acryloyldimethyl Taurate Copolymer, Polyacrylate Crosspolymer-6, PEG-7 Glyceryl Cocoate, Allantoin, Sodium Hyaluronate, Disodium EDTA, Lactic Acid, Lactobacillus/​Collagen Ferment Filtrate, Panthenol, Tocopheryl Acetate, 1,2-Hexanediol, Ceramide NP, Hydrogenated Lecithin, Citric Acid, Sodium Citrate, Xanthan Gum, Glycine Soja (Soybean) Sterols, Sodium Polygamma-Glutamate, Hyaluronic Acid, Hydrolyzed Hyaluronic Acid, Hydrolyzed Sodium Hyaluronate, Hydroxypropyltrimonium Hyaluronate, Potassium Hyaluronate, Sodium Acetylated Hyaluronate, Sodium Hyaluronate Crosspolymer, Chlorphenesin""",Cair,31000,https://down-id.img.susercontent.com/file/id-11134207-7ra0j-mdodo3318umq2a.webp,https://shopee.co.id/Hanasui-Power-Barrier-Serum-Ceramide-Perbaiki-Skin-Barrier-Lembab-Hidrasi-Cocok-untuk-kulit-sensitive-i.129681299.15790436144?sp_atk=5147ce88-2b29-40de-ab41-73db6d9003da&xptdk=5147ce88-2b29-40de-ab41-73db6d9003da
"Hanasui
Power Bakuchiol Serum",Serum,"""Aqua, Betaine, Dicaprylyl Carbonate, Methyl Gluceth-20, Neopentyl Glycol Diheptanoate, Niacinamide, Propanediol, Glycerin, Ethoxydiglycol, Zinc Pca, Phenoxyethanol, Butylene Glycol, Bakuchiol, Helianthus Annuus (Sunflower) Seed Oil, Hydroxyethyl Acrylate/​Sodium Acryloyldimethyl Taurate Copolymer, Carbomer, Allantoin, Ethylhexylglycerin, Disodium EDTA, Inositol, Tocopheryl Acetate, Triethanolamine, Sodium Hyaluronate, Polysorbate 20, Palmitoyl Tripeptide-1, Palmitoyl Tetrapeptide-7""",Cair,31000,https://down-id.img.susercontent.com/file/id-11134207-7ra0t-mdo4jyd64arw72.webp,https://shopee.co.id/Hanasui-Power-Bakuchiol-Serum-Anti-Aging-Cegah-Penuaan-Tingkatkan-Collagen-Mencerahkan-Kulit-Sensitif-Cocok-ibu-hamil-menyusui-i.129681299.18628523574?sp_atk=52240b84-394f-4f45-9b1e-b763350a8b52&xptdk=52240b84-394f-4f45-9b1e-b763350a8b52
"Hanasui
Advance Retinol Serum",Serum,"""Aqua, Niacinamide, Squalane, Glycerin, Betaine, Propylene Glycol, Butylene Glycol, Propanediol, Biosaccharide Gum-1, Phenoxyethanol, Lactic Acid, Methyl Gluceth-20, PEG-40 Hydrogenated Castor Oil, Polysorbate 80, Xanthan Gum, Polyacrylate Crosspolymer-6, Allantoin, Benzotriazolyl Dodecyl P-Cresol, Camellia Sinensis Leaf Extract, Disodium EDTA, Retinol, Tocopheryl Acetate, Triethylene Glycol, Hydroxypinacolone Retinoate, Panthenol, Caprylic/​Capric Triglyceride, Vaccinium Macrocarpon (Cranberry) Fruit Extract, Tetrahydropiperine, 1,2-Hexanediol, Hydrogenated Lecithin, Caprylyl Glycol, Sclerotium Gum, Bisabolol, Arachis Hypogaea (Peanut) Oil, Ascorbic Acid, Biotin, Folic Acid, Pyridoxine Hcl, Retinyl Palmitate, Sucrose Stearate, Tocopherol, Ceramide NP, Hyaluronic Acid, Dimethylmethoxy Chromanol, Ceramide AP, Ceramide AS, Ceramide NG, Glycosphingolipids""",Cair,28000,https://down-id.img.susercontent.com/file/id-11134207-7rash-m2m87omtoh4z5c.webp,https://shopee.co.id/Hanasui-Advance-Retinol-Serum-Anti-Aging-Serum-untuk-Kerutan-Halus-Tekstur-Kulit-Cerah-Kenyal-Encapsulated-Retinol-HPR-Advance-Niacinamide-5X-Ceramide-i.129681299.25778863938?sp_atk=4eae369b-7a09-46c1-84f6-dfca6132f8d5&xptdk=4eae369b-7a09-46c1-84f6-dfca6132f8d5
"Hanasui
Power Retinol Expert Serum",Serum,"""Aqua, Propanediol, Niacinamide, Glycerin, Trehalose, Ethylhexyl Methoxycinnamate, Neopentyl Glycol Diheptanoate, Phenoxyethanol, Sodium Acrylate/​Sodium Acryloyldimethyltaurate Copolymer, Ethoxydiglycol, Methyl Gluceth-20, Helianthus Annuus Seed Oil, Panthenol, Dimethicone, C15-19 Alkane, Tocopheryl Acetate, Allantoin, Xanthan Gum, Butylene Glycol, BHT, Disodium EDTA, Chamomilla Recutita (Matricaria) Flower Extract, Ethylhexylglycerin, Caprylic/​Capric Triglyceride, Hydrogenated Lecithin, Sodium Hyaluronate, Retinol, Acer Saccharum Extract, Portulaca Oleracea Extract, C10-16 Alkyl Glucoside, Butyrospermum Parkii Butter, Polysorbate 20, Polysorbate 80, Centella Asiatica Extract, 1,2-Hexanediol, Peucedanum Graveolens (Dill) Extract, Eruca Sativa Leaf Extract, Sucrose Stearate, BHA, Sodium Benzoate, Ceramide NP, Ceramide AP, Ceramide AS, Ceramide NG, Glycosphingolipids""",Cair,43000,https://down-id.img.susercontent.com/file/id-11134207-7ra0m-mdodo331a9767c.webp,https://shopee.co.id/Hanasui-Power-Retinol-Expert-Serum-20ml-1-Encapsulated-Retinol-Cegah-Kerutan-Kurangi-Kusam-i.129681299.41855279108?sp_atk=050f0eb9-d590-41da-83aa-8cce14ff2da7&xptdk=050f0eb9-d590-41da-83aa-8cce14ff2da7
"Hanasui
Power Post Acne Serum",Serum,"""Aqua, Niacinamide, Butylene Glycol, Hydroxyethyl Urea, Potassium Azeloyl Diglycinate, Betaine, Methyl Gluceth-20, Ethoxydiglycol, Phenoxyethanol, Biosaccharide Gum-1, Glycerin, Salicylic Acid, Harungana Madagascariensis Extract, Allantoin, Dehydroxanthan Gum, Ethylhexylglycerin, Disodium EDTA, Prunus Serrulata (Cherry Blossom) Flower Extract, Tocopheryl Acetate, Sodium Hyaluronate""",Cair,31000,https://down-id.img.susercontent.com/file/id-11134207-7ra0n-mdpip1tgbbf343.webp,https://shopee.co.id/Hanasui-Power-Post-Acne-Serum-Pudarkan-Bekas-Jerawat-PIE-PIH-Mencerahkan-dan-Kurangi-Kemerahan-Cegah-Jerawat-Kembali-i.129681299.20828537555?sp_atk=d7140fbf-a7a0-4a96-bfbd-37c600a54640&xptdk=d7140fbf-a7a0-4a96-bfbd-37c600a54640
"Hanasui
Men, Bright Active Serum",Serum,"""Aqua, Glycerin, Niacinamide, Propylene Glycol, Phenoxyethanol, Sodium Ascorbyl Phosphate, Carbomer, Allantoin, 1,2-Hexanediol, Disodium EDTA, Fragrance, Dimethicone/​Vinyl Dimethicone Crosspolymer, Biosaccharide Gum-4, Triethanolamine, Silica, Butylene Glycol, Isoceteth-10, Tocopherol""",Cair,28000,https://down-id.img.susercontent.com/file/id-11134207-7r98o-lvy324o0npej18@resize_w900_nl.webp,https://shopee.co.id/Hanasui-Men-Bright-Active-Serum-i.129681299.6643075675?sp_atk=f386ba60-a29b-45b7-a74a-7a6ef1cdfa74&xptdk=f386ba60-a29b-45b7-a74a-7a6ef1cdfa74
"The Originote
Txa 377 Dark Spot Serum",Serum,"""Aqua, Glycerin, Butylene Glycol, Tranexamic Acid, Niacinamide, Rosa Damascena Flower Water, Cyclopentasiloxane, Glycereth-26, Hydroxyacetophenone, 1,2- Hexanediol, PEG/​PPG-17/​6 Copolymer, Ammonium Acryloyldimethyltaurate/​VP Copolymer, Methylpropanediol, Dimethicone, Phenylethyl Resorcinol, Glycyrrhiza Uralensis Root Extract, Allantoin, Tremella Fuciformis Polysaccharide, Portulaca Oleracea Flower/​Leaf/​Stem Extract, Paeonia Suffruticosa Root Extract, Paeonia Lactiflora Extract, Glyceryl Glucoside, Polysorbate 80, Propylene Glycol, BHT, Sorbitan Oleate, Osmanthus Fragrans Flower Extract, Stephania Tetrandra Extract, Beta-Glucan, Caprylic/​Capric Triglyceride, Phenoxyethanol, Phospholipids, Hydrogenated Lecithin, Ethylhexylglycerin, Hexylene Glycol, Stearic Acid, Cholesterol, Daucus Carota Sativa Extract, Ceramide NP, Glutathione, Panax Ginseng Root Extract, Tocopheryl Acetate""",Gel,42000,https://down-id.img.susercontent.com/file/id-11134207-7ra0i-mcsnmyy9mfq0cd.webp,https://shopee.co.id/The-Originote-TXA-377-Dark-Spot-Serum-Serum-Mencerahkan-Penghilang-Noda-Hitam-Perbaikan-Bekas-Jerawat-Dark-Spot-Serum-Pemutih-Wajah-Serum-Menyamarkan-Noda-Hitam-dengan-2-Tranexamic-Acid-Symwhite-377-i.710619388.23652369506?sp_atk=40b23d0b-861f-4bcf-903d-0e73e760ad9d&xptdk=40b23d0b-861f-4bcf-903d-0e73e760ad9d
"The Originote
Retinol B3 Serum",Serum,"""Water, Glycerin, Butylene Glycol, Niacinamide, Glycereth-26, 1,2-Hexanediol, Hydroxyacetophenone, PEG/​PPG-17/​6 Copolymer, VP/​VA Copolymer, Methylpropanediol, Acrylates/​C10-30 Alkyl Acrylate Crosspolymer, Arginine, Glyceryl Glucoside, Nymphaea Caerulea Flower Water, Ammonium Acryloyldimethyltaurate/​VP Copolymer, Glycyrrhiza Uralensis (Licorice) Root Extract, Portulaca Oleracea Flower/​Leaf/​Stem Extract, Paeonia Suffruticosa Root Bark Extract, Paeonia Lactiflora Extract, Camellia Sinensis Extract, Stephania Tetrandra Extract, Caprylic/​Capric Triglyceride, BHT, Sodium Hyaluronate, Panthenol, Soluble Collagen, Phospholipids, Ergothioneine, Retinol, Retinal, Hydroxypinacolone Retinoate, Propanediol, Phenoxyethanol, Potassium Sorbate, Sodium Benzoate, Mannitol, Propylene Glycol, Ubiquinone, Centella Asiatica Extract, Artemisia Argyi Leaf Extract, Hydrolyzed Collagen, Ethylhexylglycerin, Caprylhydroxamic Acid, Hydrogenated Lecithin, Pentylene Glycol, Hexylene Glycol, Stearic Acid, Cholesterol, Oligopeptide-1, Hexapeptide-9, Ceramide NP, EDTA""", Cair,42000,https://down-id.img.susercontent.com/file/id-11134207-81ztp-mfc05ec1yjgpce@resize_w900_nl.webp,https://shopee.co.id/The-Originote-Retinol-Serum-Serum-Anti-Aging-Meratakan-Warna-Kulit-Menyamarkan-Menghaluskan-Tekstur-Kulit-Anti-Aging-Menyamarkan-Garis-Halus-Merawat-Kulit-Berjerawatdengan-Vitamin-A-Niacinamide-i.710619388.15095263644?sp_atk=181ac240-b191-4685-bfec-92fe7895714d&xptdk=181ac240-b191-4685-bfec-92fe7895714d
"The Originote
Hyalu-c Serum",Serum,"""Water, Glycerin, Butylene Glycol, Niacinamide, Glycereth-26, Jasminum Sambac, Hydrogenated Castor Oil, Hydroxyacetophenone, 1,2-Hexanediol, PEG/​PPG-17/​6 Copolymer, Methylpropanediol, Hydroxyethylcellulose, Allantoin, Glyceryl Glucoside, Gardenia Taitensis Flower Extract, Propylene Glycol, Ci 19140, Sodium Hyaluronate, Caprylic/​Capric Triglyceride, Anthemis Nobilis Flower Extract, Hyaluronic Acid, Ergothioneine, Hydrogenated Lecithin, Hexylene Glycol, Stearic Acid, Cholesterol, Phenoxyethanol, Mannitol, Ceramide NP, Helianthus Annuus Seed Oil, Hydrolyzed Collagen, Hydroxypropyltrimonium Hyaluronate, Sodium Acetylated Hyaluronate, Centella Asiatica Extract, Propanediol, Oligopeptide-1, Hexapeptide-9, 3-O-Ethyl Ascorbic Acid, Ascorbic Acid, Magnesium Ascorbyl Phosphate, Hydrolyzed Hyaluronic Acid, Tagetes Erecta Flower Extract, EDTA, Caprylhydroxamic Acid""", Cair,38000,https://down-id.img.susercontent.com/file/id-11134207-7ra0h-mc1v3vvmoqwsa9.webp,https://shopee.co.id/The-Originote-Hyalu-C-Serum-Serum-Mencerahkan-Kulit-Wajah-Kusam-Menjaga-Kelembapan-Wajah-Muka-Glowing-Meratakan-Warna-Kulit-Menjaga-Skin-Barrier-Whitening-Brightening-dengan-Niacinamide-Vitamin-C-Hyaluronic-Acid-i.710619388.22313686830?sp_atk=79d00b4a-b346-4eda-87ce-bfc7f4a836dc&xptdk=79d00b4a-b346-4eda-87ce-bfc7f4a836dc
"The Originote
Niacinamide 10% Serum",Serum,"""Water, Niacinamide, Glycerin, Butylene Glycol, Hydroxyacetophenone, 1,2-Hexanediol, Hydroxyethylpiperazine Ethane Sulfonic Acid, Alpha-Arbutin, Methylpropanediol, Hydroxyethylcellulose, PEG/​PPG-17/​6 Copolymer, Allantoin, Sodium Hyaluronate, Stephania Tetrandra Root Extract, Glyceryl Glucoside, Propylene Glycol, Caprylic/​Capric Triglyceride, Hydrogenated Lecithin, Hexylene Glycol, Stearic Acid, Cholesterol, Ceramide NP, Glutathione, Phenoxyethanol, Centella Asiatica Extract, Citrus Reticulata (Tangerine) Peel Extract, Anthemis Nobilis Flower Extract, Chlorphenesin""", Cair,38000,https://down-id.img.susercontent.com/file/id-11134207-7ra0j-mcsnmyy9tgk8ba@resize_w900_nl.webp,https://shopee.co.id/The-Originote-Niacinamide-10-Serum-Serum-Brightening-untuk-Mencerahkan-Wajah-Meratakan-Warna-Kulit-Wajah-Menyamarkan-Dark-Spot-Noda-Hitam-Serum-Muka-dengan-Niacinamide-i.710619388.10489363768?sp_atk=ed37530a-f4da-46ba-a806-ce2c1baa14f7&xptdk=ed37530a-f4da-46ba-a806-ce2c1baa14f7
"The Originote
Acne B5 Serum Salicylic Acid + Panthenol With Tamanu Oil",Serum,"""Water, Butylene Glycol, Glycerin, Panthenol, Niacinamide, Salicylic Acid, 1,2-Hexanediol, Hydroxyacetophenone, Propanediol, Zinc Pca, Hydroxyethylcellulose, Alcohol, Allantoin, Salix Alba (Willow) Bark Extract, PEG-40 Hydrogenated Castor Oil, Sodium Hyaluronate, Dextrin, Iris Florentina Root Extract, Stephania Tetrandra Extract, Pelargonium Graveolens Oil, Centella Asiatica Extract, Zinc Sulfate, Retinyl Palmitate, Artemisia Argyi Leaf Extract, Calophyllum Inophyllum Seed Oil, Caprylhydroxamic Acid, Ci 74260""", Cair,38000,https://down-id.img.susercontent.com/file/id-11134207-7ra0s-mcsnmyy9p8uw78@resize_w900_nl.webp,https://shopee.co.id/The-Originote-Acne-B5-Serum-Serum-Anti-Acne-untuk-Merawat-Kulit-Jerawat-Mencegah-Pertumbuhan-Jerawat-Acne-Treatment-Solution-Melembabkan-Menghilangkan-Bekas-Jerawat-Kulit-Beruntusan-dengan-Salicylic-Acid-i.710619388.16820702616?sp_atk=0df611e6-84d8-4c55-87f5-a2bffa6ffe26&xptdk=0df611e6-84d8-4c55-87f5-a2bffa6ffe26
"The Originote
Ceratides Barrier Serum",Serum,"""Water, Butylene Glycol, Glycerin, Niacinamide, 1,2-Hexanediol, Hydroxyacetophenone, Carbomer, Ammonium Acryloyldimethyltaurate/​VP Copolymer, Allantoin, Triethanolamine, Glycyrrhiza Uralensis (Licorice) Root Extract, Portulaca Oleracea Flower/​Leaf/​Stem Extract, Paeonia Suffruticosa Root Extract, Paeonia Lactiflora Extract, Xanthan Gum, Stephania Tetrandra Extract, Propylene Glycol, Sodium Hyaluronate, Centella Asiatica Extract, Caprylic/​Capric Triglyceride, Ergothioneine, Ceramide NP, Ceramide EOP, Ceramide AS, Propolis Extract, Oligopeptide-1, Phenoxyethanol, Ceramide NS, Hydrolyzed Honey Protein, Hexapeptide-9, Palmitoyl Tripeptide-1, Hydrogenated Lecithin, Hexylene Glycol, Stearic Acid, Cholesterol, Ceramide AP, Mannitol, Salvia Officinalis Leaf Extract, PEG-40 Hydrogenated Castor Oil, Ethylhexylglycerin, Hydrolyzed Collagen, Tocopherol, EDTA""", Cair,38000,https://down-id.img.susercontent.com/file/id-11134207-81ztl-meej9dxot2ww3f@resize_w900_nl.webp,https://shopee.co.id/The-Originote-Ceratides-Barrier-Serum-20ml-Serum-untuk-Memperbaiki-Skin-Barrier-dan-Membantu-Penyembuhan-Jerawat-with-Ceramide-Peptides-Propolis-i.710619388.16620706794?sp_atk=8054a56b-f6ac-4675-a3c9-17b50acfe303&xptdk=8054a56b-f6ac-4675-a3c9-17b50acfe303
"The Originote
B5 Peeling Solution",Serum,"""Water, Glycolic Acid, Sodium Hydroxide, Pentylene Glycol, Gluconolactone, Glycerin, Propanediol, Xanthan Gum, 1,2-Hexanediol, Salicylic Acid, Acacia Senegal Gum, C12-14 Alketh-12, Caprylyl Glycol, Hydrolyzed Gardenia Florida Extract, Maltodextrin, Ethylhexylglycerin, Sodium Phytate, Butylene Glycol, Centella Asiatica Extract, Glycine, Polygonum Cuspidatum Root Extract, Scutellaria Baicalensis Root Extract, Serine, Glutamic Acid, Glycyrrhiza Glabra (Licorice) Root Extract, Camellia Sinensis Leaf Extract, Aspartic Acid, Leucine, Rosmarinus Officinalis (Rosemary) Leaf Extract, Chamomilla Recutita (Matricaria) Flower Extract, Alanine, Lysine, Arginine, Tyrosine, Phenylalanine, Valine, Threonine, Proline, Isoleucine, Tocopherol, Histidine, Methionine, Cysteine""", Cair,37000,https://down-id.img.susercontent.com/file/id-11134207-7ra0h-mbqiwrufc5z041@resize_w900_nl.webp,https://shopee.co.id/The-Originote-B5-Peeling-Solution-Serum-Exfoliating-Eksfoliasi-Wajah-Meratakan-Warna-Kulit-Memperbaiki-Tekstur-Wajah-Penghalusan-Kulit-Mengangkat-Sel-Kulit-Mati-Membersihkan-Anti-Acne-with-AHA-BHA-PHA-i.710619388.29604406494?sp_atk=4e7325fb-3b21-4487-8b07-a4ecac254ce6&xptdk=4e7325fb-3b21-4487-8b07-a4ecac254ce6
"Glad2Glow
Centella 2% Salicylic Acid Power Acne Serum",Serum,"""Aqua, Butylene Glycol, Niacinamide, Glycerin, PPG-10 Methyl Glucose Ether, Pentylene Glycol, 1,2-Hexanediol, Salicylic Acid, Acacia Senegal Gum, Acrylates/​C10-30 Alkyl Acrylate Crosspolymer, Triethanolamine, Methylpropanediol, Ectoin, Dipotassium Glycyrrhizate, Quaternium-73, Ceramide AP, Ceramide NP, Ceramide NS, Centella Asiatica Extract, Disodium EDTA, Tartaric Acid, Malic Acid, Peumus Boldus Leaf Extract, PPG-26-Buteth-26, Allantoin, O-Cymen-5-Ol, Ethylhexylglycerin, Glyceryl Caprylate, PEG-40 Hydrogenated Castor Oil, Menthol, Caprylyl Glycol, Xanthan Gum, Hydrolyzed Royal Jelly Protein, Sodium Hyaluronate, Glycolipids, Glycosphingolipids, Propanediol, Sodium Lactate, Glycolic Acid, Sucrose, Urea, Sodium Citrate""", Cair,39000,https://down-id.img.susercontent.com/file/id-11134207-7ra0s-mbp7hww6bxdy6b.webp,https://shopee.co.id/Glad2Glow-Serum-Series-Peeling-Serum-Exfoliating-Serum-Bright-Serum-Glad2Glow-Serum-Mencerahkan-Wajah-Serum-Pemutih-Wajah-Serum-Retinol-Serum-Dark-Spot-Serum-Acne-Spot-Serum-Jerawat-Glowing-Serum-Whitening-Serum-Brightening-Serum-Glow-G2G-Serum-Niacinamid-i.809769142.21829166888?sp_atk=29f07167-2d2f-4e2f-9750-76e3e6c8c07d&xptdk=29f07167-2d2f-4e2f-9750-76e3e6c8c07d
"Glad2Glow
AHA BHA PHA Intensive Peeling Solution",Serum,"""Aqua, Glycerin, Glycereth-26, Glycolic Acid, PEG-12 Dimethicone, Polysorbate 20, Niacinamide, PEG/​PPG-17/​6 Copolymer, Dipropylene Glycol, Lactic Acid, Aloe Barbadensis Leaf Water, Potassium Hydroxide, PEG-40 Hydrogenated Castor Oil, Phenoxyethanol, Citric Acid, Hydroxypropyl Cyclodextrin, Salicylic Acid, Cellulose Gum, Polyacrylate Crosspolymer-6, Xanthan Gum, Inositol, 1,2-Hexanediol, Beta Vulgaris Root Extract, Dipeptide-15, Hydroxyacetophenone, Parfum, Brassica Oleracea Acephala Leaf Extract, Maltodextrin, Gluconolactone, O-Cymen-5-Ol, Ethylhexylglycerin, Butylene Glycol, Polyquaternium-51, Pentylene Glycol, Beta-Glucan, Hydrogenated Lecithin, Zinc Pca, Sodium Hyaluronate, Fomes Officinalis Extract, Propanediol, Centella Asiatica Leaf Extract, Sodium Lactate, Paeonia Albiflora Root Extract, Sucrose, Urea, Sodium Citrate, Tartaric Acid, Malic Acid, Quaternium-73""", Cair,49000,https://down-id.img.susercontent.com/file/id-11134207-7ra0l-mbp7hww6dbyee8@resize_w900_nl.webp,https://shopee.co.id/Glad2Glow-Serum-Series-Peeling-Serum-Exfoliating-Serum-Bright-Serum-Glad2Glow-Serum-Mencerahkan-Wajah-Serum-Pemutih-Wajah-Serum-Retinol-Serum-Dark-Spot-Serum-Acne-Spot-Serum-Jerawat-Glowing-Serum-Whitening-Serum-Brightening-Serum-Glow-G2G-Serum-Niacinamid-i.809769142.21829166888?sp_atk=445bebde-7e6e-4401-9137-76e1e72a1ebb&xptdk=445bebde-7e6e-4401-9137-76e1e72a1ebb
"Glad2Glow
Yuja Symwhite 377 Serum",Serum,"""Aqua, Butylene Glycol, Pentylene Glycol, Centella Asiatica Extract, Citrus Junos Fruit Extract, Alpha-Arbutin, Glycerin, Hydrolyzed Sodium Hyaluronate, Ceramide EOP, Nonapeptide-1, Bisabolol, Ceramide AP, Ceramide NP, Arginine, Ceramide NS, Ceramide NG, Phenylethyl Resorcinol, 3-0-Ethyl Ascorbic Acid, Panthenol, Hydroxyethylpiperazine Ethane Sulfonic Acid, Raspberry Ketone, Diethoxyethyl Succinate, 1,2-Hexanediol, Dimethicone, Propanediol, Polyglyceryl-10 Myristate, Trisiloxane, Polyacrylate Crosspolymer-6, Verbascum Thapsus Extract, PEG/​PPG-14/​7 Dimethyl Ether, Xanthan Gum, Sodium Hyaluronate, Glycyrrhiza Glabra Root Extract, Citrus Reticulata Peel Extract, Hydrogenated Lecithin, Tranexamic Acid, Sodium Acetylated Hyaluronate, Hydrogenated Starch Hydrolysate, Maltooligosyl Glucoside, Sodium Hyaluronate Crosspolymer, Ceramide AS, Carnosine, Decarboxy Carnosine Hcl, Ectoin, Ascorbyl Glucoside, Parfum, Hydrolyzed Rice Protein, Disodium EDTA, Ethylhexylglycerin, Hydroxypropyl Cyclodextrin, Citric Acid, Sodium Benzoate, Ergothioneine, Potassium Sorbate""", Cair,39000,https://down-id.img.susercontent.com/file/id-11134207-81zto-mf96h7lo6ozu80.webp,https://shopee.co.id/Glad2Glow-Yuja-Symwhite-377-Dark-Spot-Serum-Eksfoliasi-Wajah-collagen-serum-wajah-cream-pemutih-wajah-pelembab-whitening-cream-malam-cream-flek-hitam-membandel-Menyamarkan-noda-hitam-bekas-jerawat-Membantu-mencerahkan-kulit-kusam-g2glow-official-store-i.809769142.20282626747?sp_atk=217d2d4b-b875-4220-a7b5-9ab117ab75b8&xptdk=217d2d4b-b875-4220-a7b5-9ab117ab75b8
"Glad2Glow
Pomegranate Niacinamide Power Bright Serum-",Serum,"""Aqua, Butylene Glycol, Niacinamide, Propylene Glycol, Alpha-Arbutin, PEG/​PPG-14/​7 Dimethyl Ether, 1,2-Hexanediol, Bis-PEG-18 Methyl Ether Dimethyl Silane, Sodium Polyacryloyldimethyl Taurate, Hydrogenated Lecithin, Allantoin, Tranexamic Acid, Acrylates/​C10-30 Alkyl Acrylate Crosspolymer, Punica Granatum Fruit Extract, Gentiana Scabra Root Extract, Pentylene Glycol, Isohexadecane, Fructose, Chondrus Crispus Extract, Propanediol, Disodium EDTA, Centella Asiatica Extract, Sodium Hyaluronate, Avena Sativa (Oat) Kernel Extract, Aminomethyl Propanol, Yeast Extract, PEG-7 Glyceryl Cocoate, Phosphatidylcholine, Ethylhexylglycerin, Ceramide NP, Phytosterols, Crocus Sativus Flower Extract, Sodium Stearoyl Glutamate, Glycerin, Hydroxyacetophenone, Citric Acid, Soy Amino Acids, Avena Sativa (Oat) Kernel Oil""", Cair,39000,https://down-id.img.susercontent.com/file/id-11134207-7ra0q-mb670x7xovbtce@resize_w900_nl.webp,https://shopee.co.id/Glad2Glow-Pomegrante-Niacinamide-Power-Bright-Serum-Brightening-Serum-Mencerahkan-Wajah-Pemutih-Wajah-Serum-Wajah-Serum-Glowing-Serum-Whitening-Serum-And-Essence-Wajah-Facial-Serum-Niacinamide-Serum-Lightening-Serum-G2G-Serum-Bekas-Jerawat-Serum-Wajah-i.809769142.41500309150?sp_atk=ea1ef374-7dc8-4913-a9fe-4da8d4d960df&xptdk=ea1ef374-7dc8-4913-a9fe-4da8d4d960df
"Glad2Glow
Peach Retinol Serum",Serum,"""Aqua, Butylene Glycol, Propylene Glycol, Caprylic/​Capric Glycerides Polyglyceryl-10 Esters, Betaine, Prunus Persica Fruit Extract, Squalane, Madecassoside, Retinol, Hydroxyacetophenone, 1,2-Hexanediol, Cetearyl Olivate, Pentylene Glycol, Sorbitan Olivate, Acrylates/​C10-30 Alkyl Acrylate Crosspolymer, Allantoin, 0-Cymen-5-Ol, Xanthan Gum, Aminomethyl Propanol, Retinyl Propionate, Hydroxypinacolone Retinoate, Hydroxyphenyl Propamidobenzoic Acid, Aroma, Quaternium -73, Glyserin, Caprylic/​Capric Triglyceride, Polysorbate 80, Polysorbate 20, Phenoxyethanol, Ethylhexylglycerin""", Cair,39000,https://down-id.img.susercontent.com/file/id-11134207-81ztj-mf68c6yebc3y01.webp,https://shopee.co.id/Glad2Glow-Peach-Retinol-Serum-aging-serum-skincare-serum-wajah-Anti-kerut-kulit-halus-Eksfoliasi-Pulihkan-Serum-brightening-glowing-skin-serum-mencerahkan-wajah-exfoliasi-wajah-pelembab-Membantu-mencegah-tanda-tanda-penuaan-dini-glad2glow-official-store-i.809769142.25564103539?sp_atk=6d6f06c2-49c1-4f90-abef-e22877aeed10&xptdk=6d6f06c2-49c1-4f90-abef-e22877aeed10
"BioAqua
Natural Skin Moisturizing And Acne Care Essence",Serum,"""Aqua, Paraffinum Liquidum, Propylene Glycol, Glycereth-26, Forsythia Suspensa Fruit Extract, Leonurus Sibiricus Extract, Salvia Miltiorrhiza Root Extract, Atractylodes Lancea Root Extract, Propolis Extract, Hydroxyethylcellulose, Diazolidinyl Urea, Iodopropynyl Butylcarbamate, Methylparaben""",Gel,20000,https://down-id.img.susercontent.com/file/id-11134207-7ra0s-mbrvcpj6aiws17@resize_w900_nl.webp,https://shopee.co.id/BIOAQUA-Serum-Acne-Oil-Control-Face-Serum-Wajah-BPOM-untuk-Mengontrol-Minyak-untuk-Merawat-dan-Mencegah-Pertumbuhan-Jerawat-jerawat-dan-bekas-jerawat-i.297682305.10067849312?sp_atk=401f4752-2b19-43d3-9976-cd7df166dceb&xptdk=401f4752-2b19-43d3-9976-cd7df166dceb
"BioAqua
6x Gentle-a Retinal Serum",Serum,"""Aqua, Propylene Glycol, Sorbitol, Erythritol, Retinol, Retinyl Palmitate, Retinyl Retinoate, Retinyl Linoleate, Retinyl Acetate, Retinyl Propionate, Carbomer, Hydroxyacetophenone, Propanediol, Centella Asiatica Extract, Polysorbate 80, Polyglyceryl-10 Myristate, Caprylhydroxamic Acid, Ethylhexylglycerin, PEG-40 Hydrogenated Castor Oil, Potassium Hydroxide, Isononyl Isononanoate, Caprylic/​Capric Triglyceride, Paeonia Suffruticosa Root Extract, Glyceryl Caprylate, Ceramide NS, Ceramide NP, Ceramide NG, Ceramide EOS, Ceramide EOP, Ceramide AS, Ceramide AP, Resveratrol, Bifida Ferment Extract, Camellia Reticulata Seed Oil, Hexapeptide-8, Hydrolyzed Hyaluronic Acid, Hyaluronic Acid, Sodium Hyaluronate, Tocopheryl Acetate, Oligopeptide-1, Carnosine, Sodium Acetylated Hyaluronate, Hydroxypropyltrimonium Hyaluronate, Hydrogenated Lecithin, BHT""",Gel,75000,https://down-id.img.susercontent.com/file/id-11134201-7r98v-lzemaeey605h6e@resize_w900_nl.webp,https://shopee.co.id/Bioaqua-6X-Gentle-A-Retinal-Anti-Aging-Serum-(30-ml)-i.1035327209.24603536125?sp_atk=3dd8c01f-5c2f-46ac-a936-f6400102a95b&xptdk=3dd8c01f-5c2f-46ac-a936-f6400102a95b
"Pigeon Teens
Acne Ranger Serum",Serum,"""Aqua, Propanediol, Butylene Glycol, Salix Alba (Willow) Bark Extract, Niacinamide, Hydroxyacetophenone, Carbomer, Polysorbate 20, Phenoxyethanol, 2-Amino-2-Methyl-1-Propanol, Glycerin, Tetrasodium EDTA, Allantoin, Propylene Glycol, Chamomilla Recutita (Matricaria) Flower Water, PEG-40 Hydrogenated Castor Oil, 1,2-Hexanediol, Trideceth-9, Sodium Hyaluronate, Hydrolyzed Hyaluronic Acid, Hyaluronic Acid, Sodium Acetylated Hyaluronate, PEG-9 Diglycidyl Ether/​Sodium Hyaluronate Crosspolymer, Hydroxypropyltrimonium Hyaluronate, Hydrolyzed Sodium Hyaluronate, Potassium Hyaluronate, Caprylic/​Capric Triglyceride, Fragrance, Deoxyphytantriyl Palmitamide Mea, Ceramide NP, Decylene Glycol, Caprylyl Glycol, Simmondsia Chinensis (Jojoba) Seed Oil, Hydrogenated Lecithin, Cholesterol, Bisabolol, Hamamelis Virginiana (Witch Hazel) Leaf Extract""",Kristal,35000,https://down-id.img.susercontent.com/file/id-11134207-7r98z-lry4ud0zc6rt00@resize_w900_nl.webp,https://shopee.co.id/PIGEON-TEENS-ACNE-RANGER-SERUM-Serum-Remaja-untuk-Kulit-Berjerawat-1-Willowbark-Extract-Witch-Hazel-Extract-Niacinamide-i.53479005.20777314034?sp_atk=4fd399be-511d-4be1-bf3e-1b076655bf99&xptdk=4fd399be-511d-4be1-bf3e-1b076655bf99
"Pigeon Teens
Pigeon Teen Bright Herows Serum",Serum,"""Niacinamide, Ceramide, Panthenol, Jojoba, Chamomile Extract, Hydroxyacetophenone""",Cair,35000,https://down-id.img.susercontent.com/file/id-11134207-7rasj-m223okpymz9475@resize_w900_nl.webp,https://shopee.co.id/PIGEON-TEENS-BRIGHT-HEROES-SERUM-20ML-Serum-Remaja-Mencerahkan-5-Niacinamide-i.53479005.16494663342?sp_atk=e8eccfc9-c233-488a-a9b7-bd22be9e0393&xptdk=e8eccfc9-c233-488a-a9b7-bd22be9e0393
"Azarine
Brightening C-glow Serum",Serum,"""Aqua, Glycerin, Centella Asiatica Extract, Terminalia Ferdinandiana Fruit Extract, Tranexamic Acid, Tocopheryl Acetate, Allantoin, Resveratrol, Ferulic Acid, Chlorphenesin, Xanthan Gum, Phenoxyethanol, Ascorbic Acid, Citric Acid, Rumex Occidentalis Extract, Sodium Ascorbyl Phosphate, Propanediol""",Cair,46000,https://down-id.img.susercontent.com/file/id-11134207-7rasb-m128tx4t199b4a.webp,https://shopee.co.id/Azarine-Brightening-C-Glow-Serum-20ml-Serum-Mencerahkan-Glowing-i.80036545.17575566308?sp_atk=c598e3d9-023b-45ab-99a3-213149c3ce44&xptdk=c598e3d9-023b-45ab-99a3-213149c3ce44
"Azarine
Retinol Smooth Glowing Serum",Serum,"""Aqua, Allantoin*, Glycerin*, Propanediol*, Chlorphenesin, Xanthan Gum*, Phenoxyethanol, Sodium Hyaluronate*, Portulaca Oleracea Extract*, Retinol, Ceramide 3*, Cucumis Sativus (Cucumber) Fruit Extract*, Resveratrol""",Cair,49000,https://down-id.img.susercontent.com/file/id-11134207-81ztm-mf955yicsv0r2d.webp,https://shopee.co.id/Azarine-Retinol-Smooth-Glowing-Serum-20ml-Anti-Penuaan-Dini-i.80036545.17675571655?sp_atk=e6bef3ef-c713-40f9-97ae-f3d4e8295b95&xptdk=e6bef3ef-c713-40f9-97ae-f3d4e8295b95
"Azarine
Hydramax Water Bank Serum",Serum,"""Aqua, Glycerin*, Propanediol*, Lactobacillus/​Collagen/​Mesembryanthemum Crystallinum Leaf Extract Ferment Lysate*, Polyglutamic Acid, Sodium Hyaluronate*, Panthenol, Sodium Acetylated Hyaluronate*, Hydrolyzed Sodium Hyaluronate*, Hydroxypropyltrimonium Hyaluronate*, Chlorphenesin, Polyquaternium-7, Xanthan Gum*, Phenoxyethanol, Ceramide 3*, Citric Acid""",Cair,35000,https://down-id.img.susercontent.com/file/id-11134207-7rasa-m125igmukfbe05@resize_w900_nl.webp,https://shopee.co.id/Azarine-Hydramax-Water-Bank-Serum-20ml-i.80036545.14687972553?sp_atk=96cb45f4-5cef-49a6-8b67-a910b34e4dc5&xptdk=96cb45f4-5cef-49a6-8b67-a910b34e4dc5
"Azarine
Niacinamide 5% + Moisture Sepiwhite Serum",Serum,"""Aqua, Niacinamide, Glycerin*, Centella Asiatica Extract*, Sodium Hyaluronate*, Propanediol*, Undecylenoyl Phenylalanine, Allantoin*, Royal Jelly*, Carica Papaya Fruit Extract*, Gluconobacter/​Honey Ferment Filtrate*, Polyquaternium-7, Chlorphenesin, Panthenol, Acetyl Glucosamine, Xanthan Gum*, Phenoxyethanol""",Cair,42000,https://down-id.img.susercontent.com/file/id-11134207-81ztq-mf955yicrggbba@resize_w900_nl.webp,https://shopee.co.id/Azarine-Niacinamide-5-Moisture-Sepiwhite-Serum-20ml-i.80036545.16375567567?sp_atk=f97100e9-bf2d-430b-ab3d-c7a96b3d5b54&xptdk=f97100e9-bf2d-430b-ab3d-c7a96b3d5b54
"Azarine
AHA-BHA-PHA Peeling Serum Marvel Edition",Serum,"""Aqua, Glycolic Acid, Lactic Acid, Mandelic Acid, Salicylic Acid, Portulaca Oleracea Extract, Carica Papaya Fruit Extract, Sodium Hyaluronate, Lactobionic Acid, Aloe Barbadensis Leaf Juice, Allantoin, Royal Jelly, Chlorphenesin, Phenoxyethanol, Xanthan Gum, Gluconobacter/​Honey Ferment Filtrate""",Cair,30000,https://down-id.img.susercontent.com/file/id-11134207-7rasl-m125ignof06cdc@resize_w900_nl.webp,https://shopee.co.id/Azarine-AHA-BHA-PHA-Peeling-Serum-20ml-i.80036545.21412377589?sp_atk=3f7bfe40-24f1-4be9-a13e-828a282aa784&xptdk=3f7bfe40-24f1-4be9-a13e-828a282aa784
"Azarine
Pore Tightening & Oil Control Moist Serum",Serum,"""Aqua, Glycerin, Propanediol, Centella Asiatica Extract, Backhousia Citriodora Leaf Extract, Pistacia Lentiscus Gum, Sodium Hyaluronate, Epilobium Angustifolium Flower/​Leaf/​Stem Extract, Chlorphenesin, Phenoxyethanol, Xanthan Gum, Hydrogenated Lecithin, Caprylic/​Capric Triglyceride""",Cair,37000,https://down-id.img.susercontent.com/file/id-11134207-7rasc-m125ignoj7vo7e@resize_w900_nl.webp,https://shopee.co.id/Azarine-Pore-Tightening-Oil-Control-Moist-Serum-20ml-i.80036545.19612376633?sp_atk=d60d14ab-b98e-4506-9525-22a400cfdcd9&xptdk=d60d14ab-b98e-4506-9525-22a400cfdcd9
"Azarine
Niacinamide 10% + Dipotassium Glycyrrhizate Glorious Serum",Serum,"""Aqua, Niacinamide, Glycerin, Camellia Sinensis Leaf Water, Acetyl Glucosamine, Chlorphenesin, Caprylic/​Capric Triglyceride, Cetyl Palmitate, Sorbitan Stearate, Xanthan Gum, Polysorbate 80, Hydrogenated Lecithin, Palmitoyl Tetrapeptide-10, Potassium Hydroxide, Dipotassium Glycyrrhizate""",Cair,45000,https://down-id.img.susercontent.com/file/id-11134207-7qul6-lhsh5a7ecfjdd0@resize_w900_nl.webp,https://shopee.co.id/AZARINE-Marvel-Retinol-Complex-5-Ceramide-PHA-10-Astaxanthin-Hilari-Niacin-10-Dipotassium-Glycryrrhizate-Glo-Vit-C-10-Diamond-Booster-Serum-i.1013813.21875498383?sp_atk=9756a95b-5bec-4bd8-9a7b-f69bab967f50&xptdk=9756a95b-5bec-4bd8-9a7b-f69bab967f50
"Azarine
Azarine Daily Defender Multivitamin Serum",Serum,"""Aqua, Glycerin, Butylene Glycol, Ectoin, Resveratrol, Chlorphenesin, Allantoin, Phenoxyethanol, Tocopherol, Niacinamide, Panthenol, Biotin, Folic Acid, Ascorbic Acid, Retinyl Palmitate, Pyridoxine Hcl, Xanthan Gum, Arachis Hypogaea Oil""",Cair,49000,https://down-id.img.susercontent.com/file/id-11134207-7r992-lzisxz0brle029.webp,https://shopee.co.id/-FLASH-SALE-ED-01-26-Azarine-Daily-Defender-Multivitamin-Serum-20ml-i.80036545.18512607175?sp_atk=7cafd579-ae51-4f81-8ece-cc6763f0488a&xptdk=7cafd579-ae51-4f81-8ece-cc6763f0488a
"Azarine
PHA 10% + Astaxanthin Hilarious Serum",Serum,"""Aqua, Lactobionic Acid, Glycerin, Camellia Sinensis Leaf Water, Sodium Hyaluronate, Propanediol, Baicalin, Chlorphenesin, Enteromorpha Compressa Extract, Silybum Marianum Fruit Extract, Ocimum Sanctum Leaf Extract, Xanthan Gum, Polyacrylate Crosspolymer-6, Potassium Hydroxide, Citric Acid, Astaxanthin""",Cair,55000,https://down-id.img.susercontent.com/file/id-11134207-7qukw-lhshcb89q1nr17@resize_w900_nl.webp,https://shopee.co.id/-Azarine-x-Marvel-PHA-10-Astaxanthin-Hilarious-Serum-20ml-i.80036545.18673384799?sp_atk=15d27b6e-3d54-45a0-b1b0-48e95805bf27&xptdk=15d27b6e-3d54-45a0-b1b0-48e95805bf27
"Azarine
Radiant Luminous Serum",Serum,"""Aqua, Glycerin, Arbutin, Propanediol"", Portulaca Oleracea Extract, Prunus Lannesiana Flower Extract, Gluconobacter/​Honey Ferment Filtrate"", Chlorphenesin, Allantoin, Phenoxyethanol, Panthenol, Xanthan Gum"", Dimethylmethoxy Chromanyl Palmitate""",Cair,37000,https://down-id.img.susercontent.com/file/id-11134207-7rasc-m1294ohw7pusf1@resize_w900_nl.webp,https://shopee.co.id/Azarine-Radiant-Luminous-Serum-20ml-Serum-Kulit-Kusam-i.80036545.18412609059?sp_atk=f1278880-b8f0-43fc-8315-926db592170f&xptdk=f1278880-b8f0-43fc-8315-926db592170f
"Azarine
Retinol Complex + 5x Ceramide Mighty Serum",Serum,"""Aqua, Glycerin, Retinol, Dimethyl Isosorbide, Chlorphenesin, Squalane, Ceteareth-25, Hydroxypinacolone Retinoate, Cetyl Alcohol, Polyacrylate Crosspolymer-6, Behenic Acid, Cholesterol, Ceramide NP, Ceramide NS, Ceramide EOS, Ceramide EOP, Ceramide AP, Caprooyl Phytosphingosine, Caprooyl Sphingosine, Mannitol, Phosphatidylcholine, Retinal, Potassium Sorbate, Sodium Benzoate, Citric Acid, Sodium Chloride""",Cair,45000,https://down-id.img.susercontent.com/file/id-11134201-23030-q2cy5i1v9fovfa@resize_w900_nl.webp,https://shopee.co.id/AZARINE-Marvel-Retinol-Complex-5-Ceramide-PHA-10-Astaxanthin-Hilari-Niacin-10-Dipotassium-Glycryrrhizate-Glo-Vit-C-10-Diamond-Booster-Serum-i.1013813.21875498383?sp_atk=9756a95b-5bec-4bd8-9a7b-f69bab967f50&xptdk=9756a95b-5bec-4bd8-9a7b-f69bab967f50
"Azarine
Vitamin C 10% + Diamond Booster Serum",Serum,"""Aqua, Ascorbyl Glucoside, Glycerin, Propanediol, Diamond Powder, Hydroxyresveratrol, Guaiazulene, Chlorphenesin, Polyacrylate Crosspolymer-6, Xanthan Gum, Polyglyceryl-10 Oleate, Potassium Hydroxide, Polyglyceryl-6 Laurate, Sorbitan Palmitate""",Cair,45000,https://down-id.img.susercontent.com/file/id-11134207-23030-h6k2wxu6neovd3.webp,https://shopee.co.id/AZARINE-Marvel-Retinol-Complex-5-Ceramide-PHA-10-Astaxanthin-Hilari-Niacin-10-Dipotassium-Glycryrrhizate-Glo-Vit-C-10-Diamond-Booster-Serum-i.1013813.21875498383?sp_atk=9756a95b-5bec-4bd8-9a7b-f69bab967f50&xptdk=9756a95b-5bec-4bd8-9a7b-f69bab967f50
"Whitelab
Glow Booster C-dose+ Serum",Serum,"""Aqua, Methylpropanediol, Glycerin, Propylene Glycol, Butylene Glycol, 3-O-Ethyl Ascorbic Acid, Niacinamide, Ferulic Acid, Allantoin, Phenoxyethanol, Panthenol, Xanthan Gum, Polyglyceryl-6 Laurate, Polyglyceryl-10 Oleate, Sorbitan Palmitate, Soluble Collagen, Tetrasodium EDTA, Glycine Soja (Soybean) Oil, Ethylhexylglycerin, PEG-40 Hydrogenated Castor Oil, Sodium Bisulfite, Squalane, Centella Asiatica Leaf Extract, Honokiol, Magnolol, Dipotassium Glycyrrhizate, Pentylene Glycol, Glycyrrhiza Glabra Root Extract, Tris (Tetramethylhydroxypiperidinol) Citrate, Hydrogenated Lecithin, Tocopherol, Citric Acid, Sodium Hyaluronate, Sodium Benzoate, Ci 18965, Potassium Sorbate, Ascorbyl Propyl Hyaluronate, Hyaluronic Acid, Hydrolyzed Hyaluronic Acid, Hydrolyzed Sodium Hyaluronate, Hydroxypropyltrimonium Hyaluronate, Potassium Hyaluronate, Sodium Acetylated Hyaluronate, Sodium Hyaluronate Crosspolymer, Dimethylsilanol Hyaluronate, Parfum, Ci 17200""",Gel,76000,https://down-id.img.susercontent.com/file/id-11134207-7ra0l-mcc3c6waxj9hc9@resize_w900_nl.webp,https://shopee.co.id/Whitelab-Serum-Vitamin-C-Glow-Booster-Antioksidan-Tinggi-untuk-Kulit-Cerah-dan-Glowing-C-Dose-dengan-NIO-VCS-i.201071840.11561318634?sp_atk=fa2da55e-2d6d-49d6-8276-0e93d304c016&xptdk=fa2da55e-2d6d-49d6-8276-0e93d304c016
"Whitelab
Brightening Booster Serum - Niacinamide 5%",Serum,"""Aqua, 1,2 Propanediol, Niacinamide, Methylpropanediol, Licorice (Glycyrrhiza Glabra) Extract, Hyaluronic Acid, Hydrolyzed Hyaluronic Acid, Sodium Hyaluronate Crosspolymer, Sodium Hyaluronate, Sodium Carboxymethyl Hyaluronate, Sodium Acetylated Hyaluronate, Potassium Hyaluronate, Hydroxypropyltrimonium Hyaluronate, Hydrolyzed Sodium Hyaluronate, Dimethylsilanol Hyaluronate, Marine Collagen, Soluble Collagen, Allantoin, Dipotassium Glycyrrhizate, Glycerin, Carbomer, PEG-40 Hydrogenated Castor Oil, Triethanolamine, 1,2-Hexanediol, Pentylene Glycol, Phenoxyethanol, DMDM Hydantoin, Parfum""",Gel,66000,https://down-id.img.susercontent.com/file/id-11134207-81ztm-mf9nnlo8svt756@resize_w900_nl.webp,https://shopee.co.id/Whitelab-Serum-Niacinamide-5-Brightening-Booster-Cerah-Maksimal-untuk-Kulit-Sensitif-N5-Dose-2.0-i.201071840.10261317376?sp_atk=e59b5609-3ddf-4933-bd71-5043842f8134&xptdk=e59b5609-3ddf-4933-bd71-5043842f8134
"Whitelab
N10 Dose Brightening Serum",Serum,"""Aqua, Niacinamide, Glycerin, Methylpropanediol, Phenoxyethanol, Soluble Collagen, Allantoin, Glycine Soja (Soybean) Oil, Glycyrrhiza Glabra Root Extract, Disodium Succinate, Saccharomyces Lysate, Tributyl Citrate, Hyaluronic Acid, Hydrolyzed Hyaluronic Acid, Hydrolyzed Sodium Hyaluronate, Hydroxypropyltrimonium Hyaluronate, Potassium Hyaluronate, Sodium Acetylated Hyaluronate, Sodium Hyaluronate Crosspolymer, Sodium Hyaluronate, Valine, Threonine, Glutamic Acid, Glycine, Tocopherol, Ascorbyl Propyl Hyaluronate, Dimethylsilanol Hyaluronate, PEG-40 Hydrogenated Castor Oil, Buteth-3, Dipotassium Glycyrrhizate, Tetrasodium EDTA, Ethylhexylglycerin, Sodium Benzotriazolyl Butylphenol Sulfonate, Acrylates/​C10-30 Alkyl Acrylate Crosspolymer, Triethanolamine, Potassium Sorbate, Sodium Benzoate, Pentylene Glycol, Parfum""",Gel,75000,https://down-id.img.susercontent.com/file/id-11134207-7ra0j-mcc3qu536fd1a5.webp,https://shopee.co.id/Whitelab-Serum-Niacinamide-10-Brightening-Serum-Pencerah-Wajah-Intensif-N10-Dose-2.0-i.201071840.5711696002?sp_atk=b68fc240-d01d-43c3-9660-bb2849897003&xptdk=b68fc240-d01d-43c3-9660-bb2849897003
"Whitelab
Acne Calming Serum",Serum,"""Aqua, Artemisia Capillaris (Mugwort) Extract, Methylpropanediol, Caprylic/​Capric Triglyceride, Propylene Glycol, Niacinamide, Aluminum Starch Octenylsuccinate, Centella Asiatica Extract, Salicylic Acid, Hexamidine Diisethionate, Melaleuca Alternifolia Leaf Extract, Hyaluronic Acid, Hydrolyzed Hyaluronic Acid, Sodium Hyaluronate Crosspolymer, Sodium Hyaluronate, Sodium Carboxymethyl Hyaluronate, Sodium Acetylated Hyaluronate, Potassium Hyaluronate, Hydroxypropyltrimonium Hyaluronate, Hydrolyzed Sodium Hyaluronate, Dimethylsilanol Hyaluronate, Marine Collagen, Soluble Collagen, Dipotassium Glycyrrhizate, Allantoin, Glycerin, Sodium PCA, Trimethylpentanediol/​Adipic Acid Copolymer, PEG-6 Caprylic/​Capric Glycerides, Polyacrylamide, C13-14 Isoparaffin, C9-11 Pareth-6, 1,2-Hexanediol, DMDM Hydantoin, Xanthan Gum, Perfume""",Cair,66000,https://down-id.img.susercontent.com/file/id-11134207-7ra0j-mcbru8zw92yv6f@resize_w900_nl.webp,https://shopee.co.id/Whitelab-Acne-Calming-Serum-Serum-untuk-Kulit-Jerawat-Bruntusan-dan-Berminyak-dengan-Mugwort-BHA-Tea-Tree-BPOM--i.201071840.7661397539?sp_atk=c3238927-d520-4c4d-8097-fffd42827176&xptdk=c3238927-d520-4c4d-8097-fffd42827176
"Whitelab
Hydrating Serum",Serum,"""Aqua, Glycerin, Galactomyces Ferment Filtrate, Saccharide Isomerate, Panthenol, Phenoxyethanol, Carbomer, 1,2-Hexanediol, Triethanolamine, Ammonium Acryloyldimethyl Taurate/​VP Copolymer, Tetrasodium EDTA, Allantoin, Soluble Collagen, Pentylene Glycol, Ethylhexylglycerin, Butylene Glycol, Betula Alba Juice, PEG-40 Hydrogenated Castor Oil, Sodium Hyaluronate, Citric Acid, Sodium Citrate, Laminaria Digitata Extract, Sodium Acetylated Hyaluronate, Hydrolyzed Hyaluronic Acid, Sodium Hyaluronate Crosspolymer, Potassium Hyaluronate, Hydroxypropyltrimonium Hyaluronate, Hydrolyzed Sodium Hyaluronate, Hyaluronic Acid, Perfume, Hydrogenated Lecithin, Cetyl-Pg Hydroxyethyl Palmitate, Cholesterol, Dimethylsilanol Hyaluronate, Ascorbyl Propyl Hyaluronate, Ceramide EOP, Ceramide NS, Ceramide NP, Ceramide AS, Ceramide AP""",Gel,66000,https://down-id.img.susercontent.com/file/id-11134207-7rasb-m4efdr2sjxdmb0.webp,https://shopee.co.id/-BUY-1-GET-1-Whitelab-Hydrating-Serum-Serum-Kulit-Kering-Perkuat-Hidrasi-untuk-Kulit-Lembap-Halus-Kenyal-dengan-Hyaluronic-Panthenol-Probiotic-BPOM--i.201071840.18469803138?sp_atk=33b89b24-a538-4ba8-9671-831987bddd5e&xptdk=33b89b24-a538-4ba8-9671-831987bddd5e
"Whitelab
Retinol Treatment Serum",Serum,"""Aqua, Cyclopentasiloxane, Methylpropanediol, Polysorbate 20, Polyglutamic Acid, Retinol, Ferulic Acid, Glycerin, Sodium PCA, Bisabolol, Soluble Collagen, Dipotassium Glycyrrhizate, Allantoin, Glucosyl Ceramide, Ceramide NP, Ceramide AP, Ceramide EOP, Phospholipids, Cholesterol, Phytosphingosine, Palmitoyl Tripeptide-1, Palmitoyl Tetrapeptide-10, Dipeptide-1, Acetyl Tetrapeptide-9, Hyaluronic Acid, Hydrolyzed Hyaluronic Acid, Sodium Hyaluronate Crosspolymer, Sodium Hyaluronate, Sodium Acetylated Hyaluronate, Potassium Hyaluronate, Hydroxypropyltrimonium Hyaluronate, Dimethylsilanol Hyaluronate, Hydrolyzed Sodium Hyaluronate, Ascorbyl Propyl Hyaluronate, Phenoxyethanol, C13-14 Alkane, Laureth-7, Polyacrylamide, Trimethylpentanediol/​Adipic Acid Copolymer, BHT, DMDM Hydantoin, Parfum, Iodopropynyl Butylcarbamate, Carbomer""",Cair,66000,https://down-id.img.susercontent.com/file/id-11134207-81ztm-mergl6bor0n546@resize_w900_nl.webp,https://shopee.co.id/Whitelab-Bakuchiol-Treatment-Serum-Atasi-Jerawat-dan-Bruntusan-Alternatif-Retinol-dengan-Bakuchiol-Hyaglutamic-BPOM--i.201071840.15763837628?sp_atk=5f2a3c18-9224-4521-8365-ad759b3e3a7a&xptdk=5f2a3c18-9224-4521-8365-ad759b3e3a7a
"white story
Acne Soothing Serum",Serum,"""Aqua, Cyclopentasiloxane, Ethyl Alcohol, Niacinamide, Salicylic Acid, Centella Asiatica Extract, Propylene Glycol, Isononyl Isononanoate, Licorice (Glycyrrhiza Glabra) Extract, Glycerin, Polysorbate 20, Polyacrylamide, C13-14 Isoparaffin, C9-11 Pareth-6, Xanthan Gum, Parfum, Sodium Hyaluronate, Hexamidine Diisethionate""",Cair,35000,https://down-id.img.susercontent.com/file/id-11134207-7rbk2-m9ijo5dvkw0t8a@resize_w900_nl.webp,https://shopee.co.id/White-Story-Acne-Soothing-Serum-Serum-untuk-Meredakan-Kulit-Jerawat-Bruntusan-Dan-Berminyak-i.405973920.9744704217?sp_atk=c5e471a4-99c5-453f-adef-5e5243bfc1a1&xptdk=c5e471a4-99c5-453f-adef-5e5243bfc1a1
"Eiem Beauty
Brightening Serum",Serum,"""Aqua, Niacinamide (10%), Palmitoyl Tripeptide-5, Resveratrol, Tocopheryl Acetate, Propanediol, Phenoxyethanol, Panthenol, Allantoin, Beeswax, Euphorbia Cerifera (Candelilla) Wax, PVOH, Lecithin, Ethylhexylglycerin, Niacin, Thioctic Acid, Theobroma Cacao (Cocoa) Seed Butter, Glycerin, Panax Ginseng Root Extract, Dimethyl Sulfone, Portulaca Oleracea Extract, Hydroxyethyl Cellulose, Sodium Coco-Glucoside Tartrate, Tetrasodium EDTA""",Cair,39000,https://down-id.img.susercontent.com/file/id-11134207-7rbkd-m86hjuo4vmy582@resize_w900_nl.webp,https://shopee.co.id/Eiem-Beauty-Brightening-Serum-Niacinamide-10--i.574961929.12047672874?sp_atk=1364ed02-7d58-431e-a0f9-41aedd4f13de&xptdk=1364ed02-7d58-431e-a0f9-41aedd4f13de
"Eiem Beauty
Hydration Booster Serum",Serum,"""Aqua, Hydrolyzed Sodium Hyaluronate, Honey, Niacinamide, Hydrolyzed Collagen, Sodium Acetylated Hyaluronate, Panthenol, Hydroxypropyltrimonium Hyaluronate, Acetyl Glucosamine, Allantoin, Glucose, Pentylene Glycol, Lactobacillus/​Collagen/​Mesembryanthemum Crystallinum Leaf Extract Ferment Lysate, Glucuronolactone, Sodium Hyaluronate, Xanthan Gum, Glycine, Phenoxyethanol, Sodium PCA, Polyglutamic Acid, 1,2-Hexanediol, Urea, Lysine Hydrochloride, Glycerin, Propanediol, Fructose, Ethylhexylglycerin, Citric Acid, Tetrasodium EDTA""",Cair,33000,https://down-id.img.susercontent.com/file/id-11134207-7rbk0-m86hjuo4n7jh0d@resize_w900_nl.webp,https://shopee.co.id/Eiem-Beauty-Hydration-Booster-Serum-Multiple-Hyaluronic-Niacinamide-4--i.574961929.10470394179?sp_atk=70f60cef-39fa-466a-9c35-994cf48f0625&xptdk=70f60cef-39fa-466a-9c35-994cf48f0625
"Eiem Beauty
Acne + Anti Aging Serum",Serum,"""Water, Glycerin, Propylene Glycol, Polysorbate 80, Sodium Carboxymethyl Cellulose, Retinol, Avena Sativa (Oat) Meal Extract, Allantoin, Tocopheryl Acetate, Panthenol, Phaseolus Radiatus Seed Extract, Hydrogenated Lecithin, Caprylic/​Capric Triglyceride, BHT, Ethylhexylglycerin, Cholesterol, Citric Acid, Phenoxyethanol, BHA, Methyl Methacrylate Crosspolymer, Tetrasodium EDTA""",Cair,39000,https://down-id.img.susercontent.com/file/id-11134207-7rbkc-m86h8y6t86wd29.webp,https://shopee.co.id/Eiem-beauty-Acne-Anti-Aging-Serum-Actosome-Retinol-x-PanthenoL-i.574961929.10970391155?sp_atk=1b16d633-a63c-497f-a670-3086cf18b76e&xptdk=1b16d633-a63c-497f-a670-3086cf18b76e
"Eiem Beauty
Full Acid Peeling Solution",Serum,"""Water, Glycolic Acid, Lactic Acid, Aloe Barbadensis Leaf Juice, Polyvinyl Alcohol, Trisodium Citrate, Triethanolamine, Propylene Glycol, Citric Acid, Salicylic Acid, Mandelic Acid, Maltodextrin, Tetrasodium EDTA, Gluconolactone, Bisabolol, Capryloyl Salicylic Acid, Propanediol, Sodium PCA, Mel (Honey), Urea, Fructose, Glucose, Centella Asiatica Extract, Pentylene Glycol, Glycine, Acetyl Glucosamine, Glucuronolactone, Lysine Hydrochloride, Polygonum Cuspidatum Root Extract, Scutellaria Baicalensis Root Extract, Camellia Sinensis Leaf Extract, Glycyrrhiza Glabra (Licorice) Root Extract, Chamomilla Recutita (Matricaria) Flower Extract, Ci 27755, Rosmarinus Officinalis (Rosemary) Leaf Extract, Ci 16035, Hydrolyzed Collagen, 1,2-Hexanediol, Caprylyl Glycol, Tropolone, Phenoxyethanol, Parfum, Ethylhexylglycerin, Potassium Sorbate, Sodium Benzoate""",Cair,41000,https://down-id.img.susercontent.com/file/id-11134207-7rbk3-m86i4fk8ed6g3b@resize_w900_nl.webp,https://shopee.co.id/EIEM-Beauty-Full-Acid-Peeling-Solution-Serum-30ml-i.574961929.27916206872?sp_atk=e74ef6ba-a70b-4800-af54-16f601cacdfd&xptdk=e74ef6ba-a70b-4800-af54-16f601cacdfd
"Emina
Bright Stuff Face Serum",Serum,"""Aqua, Niacinamide, Glycerin, Propanediol, Phenoxyethanol, Allantoin, Sodium Polyacrylate Starch, Chlorphenesin, Xanthan Gum, Disodium EDTA, Butylene Glycol, Sodium Hyaluronate, Actinidia Polygama Fruit Extract""",Gel,54000,https://down-id.img.susercontent.com/file/id-11134207-7ra0g-mckh9j2eg6k789.webp,https://shopee.co.id/NEW!-Emina-Bright-Stuff-Face-Serum-Serum-Pelembab-Wajah-Cerah-Glowing-Anti-Kusam-i.63983008.3017944185?sp_atk=6129e9a4-3c6b-4a8c-a6e7-32196acd01e0&xptdk=6129e9a4-3c6b-4a8c-a6e7-32196acd01e0
"Emina
Glorad+ High-res Bright Glow Water-sphere Serum",Serum,"""Aqua, Diphenyl Dimethicone, Betaine, Dimethicone, Chlorella Vulgaris Extract, Niacinamide, Alpha-Arbutin, Glutathione, Ferulic Acid, Hydrolyzed Hyaluronic Acid, Tranexamic Acid, Geranium Robertianum Extract, Paeonia Suffruticosa Root Extract, Scutellaria Baicalensis Root Extract, Thymus Serpyllum Extract, Alpinia Katsumadai Seed Extract, Laurdimonium Hydroxypropyl Hydrolyzed Soy Protein, Tocopheryl Acetate, Lactic Acid, Glycerin, Butylene Glycol, PVP, Propanediol, Sodium Metabisulfite, Sodium Citrate, Citric Acid, Aminopropyl Ascorbyl Phosphate, Lecithin, Trideceth-9, PEG-40 Hydrogenated Castor Oil, Polysorbate 20, Hydroxyethylcellulose, PEG-35 Castor Oil, Phenoxyethanol, Sodium Chloride, Chlorphenesin, Disodium EDTA, Ci 26100""",Cair,103000,https://down-id.img.susercontent.com/file/id-11134207-7rasm-m12lo06xn2203d.webp,https://shopee.co.id/Emina-GloRad-High-Res-Bright-Glow-Water-Sphere-Serum-Serum-Cerah-Glowing-Samarkan-Dark-Spot-dan-Hempas-Kulit-Kusam-i.63983008.28654204144?sp_atk=c6f17054-fd15-432d-9557-42f6ef3f5e79&xptdk=c6f17054-fd15-432d-9557-42f6ef3f5e79
"Emina
Ms. Pimple Face Serum",Serum,"""Aqua, Glyserin, Niacinamide, Propanediol, Biosaccharide Gum-1, Zinc Pca, Phenoxyethanol, Salicylic Acid, Xanthan Gum, Chlorphenesin, Allantoin, Tetrasodium EDTA, Epilobium Angustifolium Extract, Sodium Metabisulfite""",Cair,60000,https://down-id.img.susercontent.com/file/id-11134201-23030-xhd9rhfnjlov3e.webp,https://shopee.co.id/Emina-Ms.-Pimple-Acne-Solution-Face-Serum-30-mL-Serum-Wajah-Solusi-Atasi-Jerawat-i.63983008.19401479800?sp_atk=11b3f298-a652-4244-8263-d02b7c460e8e&xptdk=11b3f298-a652-4244-8263-d02b7c460e8e
"Wardah
Lightening Serum Ampoule",Serum,"""Aqua, Butylene Glycol, Niacinamide, Cyclopentasiloxane, Glycerin, Biosaccharide Gum-1, Ammonium Acryloyldimethyltaurate/​VP Copolymer, Phenoxyethanol, Bisabolol, Dimethicone, Chlorphenesin, Polyglyceryl-3 Methylglucose Distearate, Polysorbate 20, Disodium EDTA, Dimethicone/​Vinyl Dimethicone Crosspolymer, Fragrance, Sodium Hydroxide""",Cair,85000,https://down-id.img.susercontent.com/file/id-11134207-7rasl-m3bmg66buq3k87.webp,https://shopee.co.id/WARDAH-Lightening-5-Niacinamide-Serum-Ampoule-Dengan-10X-Advanced-Niacinamide-Bisabolol-dan-0-Alkohol-Mencerahkan-Kulit-Kusam-Bekas-Jerawat-Belang-Tidak-Merata-Mencegah-Hiperpigmentasi-Bright-Glow-White-Semua-Jenis-Kulit-Skincare-i.59763733.7978730355?sp_atk=57d2e068-b42a-4e82-a076-a20cbd309a61&xptdk=57d2e068-b42a-4e82-a076-a20cbd309a61
"Wardah
Perfect Bright Perfectyl + Vitamin C Pore Perfecting C-glow Serum",Serum,"""Aqua, Niacinamide, Dipropylene Glycol, Propanediol, Phenoxyethanol, 3-O-Ethyl Ascorbic Acid, Xanthan Gum, Allantoin, Chlorphenesin, Disodium EDTA, Chamomilla Recutita Flower/​Leaf Extract, Fragrance, Ascorbyl Glucoside, Sodium Phytate, Potassium Sorbate, Sodium Benzoate""",Cair,36000,https://down-id.img.susercontent.com/file/sg-11134201-7rbk1-m5z2gctnwm0b6c@resize_w900_nl.webp,https://shopee.co.id/WARDAH-Perfect-Bright-Perfectyl-Vitamin-C-Pore-Perfecting-C-Glow-Serum-Micro-Peeling-Serum-Mencerahkan-dan-Menghaluskan-kulit-serta-Mengecilkan-Pori-Pori-Skincare-i.59763733.24990995014?sp_atk=1011422c-8fc3-4ab1-ab6d-3ab66b9eb53c&xptdk=1011422c-8fc3-4ab1-ab6d-3ab66b9eb53c
"Wardah
Acnederm Acne Care Serum",Serum,"""Aqua, Ethanol, Propanediol, Niacinamide, Methyl Gluceth-20, Potassium Azeloyl Diglycinate, Salicylic Acid, Xanthan Gum, 1,2-Hexanediol, Aminomethyl Propanol, Glyserin, Chlorphenesin, Allantoin, Polyacrylate Crosspolymer-6, Sclerotium Gum, Tetrasodium EDTA, Caprylyl Hydroxamic Acid, Melaleuca Alternifolia Leaf Oil, Sodium Hyaluronate, Potassium Chloride, Phenoxyethanol, Trideceth-9, PEG-40 Hydrogenated Castor Oil, Salix Alba Bark Extract, Caprylyl Glycol, Polysorbate 20, Potassium Sorbate, Sodium Benzoate""",Cair,71000,https://down-id.img.susercontent.com/file/id-11134207-7r98v-lm8lh1ysvc4k76@resize_w900_nl.webp,https://shopee.co.id/WARDAH-5-Azeclair-Salicylic-Acid-Acnederm-Acne-Care-Serum-15-ml-Serum-dengan-Tea-Tree-Oil-Serum-Jerawat-dan-Mencerahkan-Kulit-Menyamarkan-Noda-Bekas-Mengurangi-Minyak-Berlebih-Skincare-i.59763733.14849146085?sp_atk=d47abeec-01a3-45b4-b353-99a078d495ad&xptdk=d47abeec-01a3-45b4-b353-99a078d495ad
"Wardah
Crystal Secret Dark Spot Brightening Serum",Serum,"""Aqua, Glyserin, Niacinamide, Cyclopentasiloxane, Dimethicone, Tranexamoyl Dipeptide-23, Pentylene Glycol, Trehalose, Aluminium Starch Octenylsuccinate, Butylene Glycol, Hydroxyethyl Acrylate/​Sodium Acryloyldimethyl Taurate Copolymer, Polymethyl Methacrylate, Bisabolol, Alpha-Arbutin, Leontopodium Alpinum Extract, Cetearyl Dimethicone Crosspolymer, Glyceryl Polyacrylate, Disodium EDTA, Sodium Hydroxide, Fragrance, Citric Acid, Potassium Sorbate, Sodium Benzoate, Phenoxyethanol, Chlorphenesin""",Cair,97000,https://down-id.img.susercontent.com/file/sg-11134201-7rdws-m0u0is0hjr8wf2.webp,https://shopee.co.id/Wardah-3-Tranexamic-Acid-Alpha-Arbutin-Crystal-Secret-Dark-Spot-Brightening-Serum-20-ml-Serum-Dengan-Ekstrak-Edelweiss-Mencerahkan-dan-Menyamarkan-Flek-Hitam-untuk-Semua-Jenis-Kulit-Skincare-i.59763733.1080194912?sp_atk=20a1d274-45f5-44f6-8842-501ac35ca13c&xptdk=20a1d274-45f5-44f6-8842-501ac35ca13c
"Wardah
Renew You Cell Renewal Serum",Serum,"""Aqua, Glycerin, Niacinamide, Propanediol, Dibutyl Adipate, Dimethicone, Hydroxyethyl Acrylate/​Sodium Acryloyldimethyl Taurate Copolymer, Vinyl Dimethicone/​Methicone Silsesquioxane Crosspolymer, Phenoxyethanol, Allantoin, Caprylic/​Capric Triglyceride, Butylene Glycol, Chlorphenesin, Glycine Soja Oil, Deoxyphytantriyl Palmitamide Mea, Disodium EDTA, Hydrogenated Lecithin, Ceramide NP, Cholesterol, Fragrance, Pentylene Glycol, Retinol, Biosaccharide Gum-2, Bakuchiol, Sodium Hyaluronate, Carbomer, Acacia Senegal Gum, Tocopherol, Polysorbate 20, Propylene Glycol Alginate, Palmitoyl Tripeptide-1, Palmitoyl Tetrapeptide-7""",Cair,97000,https://down-id.img.susercontent.com/file/id-11134207-7rasm-m1c20m9xtnwz12@resize_w900_nl.webp,https://shopee.co.id/WARDAH-Renew-You-1-Retinol-Microcapsule-Ceramide-Cell-Renewal-Serum-i.59763733.1080218030?sp_atk=0efaae27-ea3c-41ce-bc83-acc594f908b2&xptdk=0efaae27-ea3c-41ce-bc83-acc594f908b2
"Wardah
Hydra Rose Micro Gel Serum",Serum,"""Aqua, Propanediol, Butylene Glycol, Glycerin, Trehalose, Saccharide Isomerate, Ammonium Acryloyldimethyltaurate/​VP Copolymer, Phenoxyethanol, Chlorphenesin, PEG-32, 1.2-Hexanediol, Allantoin, Disodium EDTA, Trideceth-9, Diazolidinyl Urea, PEG-40 Hydrogenated Castor Oil, Sodium Hyaluronate, Synthetic Fluorphlogopite, Agar, Cetearyl Olivate, Sorbitan Olivate, Citric Acid, Sodium Citrate, Brassica Campestris (Rapeseed) Seed Oil, Polysorbate 20, Fragrance, Rose Extract, Ethylhexylglycerin, Tocopherol""",Gel,126000,https://down-id.img.susercontent.com/file/sg-11134201-7rdwf-m1cfemmkrc7pa0@resize_w900_nl.webp,https://shopee.co.id/WARDAH-Hydra-Rose-14X-Hyaluronic-Pentavitin-Deep-Barrier-Repair-Serum-30-ml-Serum-dengan-Allantoin-Perawatan-Wajah-untuk-Kulit-Resilient-Skin-Skincare-i.59763733.4155205113?sp_atk=334c1d97-92b1-4344-a082-72d2eeb1fe4f&xptdk=334c1d97-92b1-4344-a082-72d2eeb1fe4f
"Viva Cosmetics
Viva Glowing White Serum",Serum,"""Aqua, Niacinamide, Propylene Glycol, Glycyrrhiza Glabra Root Extract, Butylene Glycol, Propanediol, Phenoxyethanol, Cellulose Gum, Glycerin, Acrylates/​C10-30 Alkyl Acrylate Crosspolymer, Disodium EDTA, Triethylene Glycol, Ethylhexylglycerin, Sodium Hydroxide, Glutathione, Potassium Sorbate, Sodium Benzoate""",Cair,22000,https://down-id.img.susercontent.com/file/id-11134207-7qula-lgbo0ec46x0ofd@resize_w900_nl.webp,https://shopee.co.id/Viva-Glowing-White-Serum-With-Triple-Brightening-Booster-i.18233004.19179399621?sp_atk=c810f013-0216-4635-8615-ebe52d89324c&xptdk=c810f013-0216-4635-8615-ebe52d89324c
"Viva Cosmetics
Viva Anti Aging Serum",Serum,"""Aqua, Butylene Glycol, Sodium Hyaluronate, Hydrolyzed Collagen, PEG-40 Hydrogenated Castor Oil, Propanediol, Phenoxyethanol, Cellulose Gum, Disodium EDTA, Bakuchiol, Triethylene Glycol, Ethylhexylglycerin, Ci 19140, Ci 15985""",Cair,23000,https://down-id.img.susercontent.com/file/id-11134207-7qula-lgbo0ecy4akzf7.webp,https://shopee.co.id/Viva-Anti-Aging-Serum-With-Triple-Rejuvenating-Active-i.18233004.22366813158?sp_atk=979d91d6-9a4e-46bf-bea2-58adb105f4d7&xptdk=979d91d6-9a4e-46bf-bea2-58adb105f4d7
"Viva Cosmetics
Viva Peeling Serum",Serum,"""Aqua, Gluconolactone, Butylene Glycol, Glycolic Acid, Pentylene Glycol, PEG-40 Hydrogenated Castor Oil, Betaine, Sodium Citrate, Polyacrylate Crosspolymer-6, Salicylic Acid, Sodium Hydroxide, Phenoxyethanol, Allantoin, Hydrolyzed Jojoba Esters, Xanthan Gum, Aloe Barbadensis Leaf Juice, Triethylene Glycol, Ci 14720, Ci 42090, Ci 19140""",Cair,23000,https://down-id.img.susercontent.com/file/id-11134207-7quky-lgbo0ec4dxuw87@resize_w900_nl.webp,https://shopee.co.id/Viva-Peeling-Serum-With-Triple-Gentle-Exfoliation-i.18233004.22741327230?sp_atk=ac034054-43b0-479b-9e83-7d3484123248&xptdk=ac034054-43b0-479b-9e83-7d3484123248
"Viva Cosmetics
Acne Serum",Serum,"""Aqua, Niacinamide, Betaine, Sodium Citrate, Propylene Glycol, Propanediol, Centella Asiatica Leaf Extract, Butylene Glycol, Salicylic Acid, Phenoxyethanol, Polyacrylate Crosspolymer-6, Glycerin, Xanthan Gum, Ethylhexylglycerin, Triethylene Glycol, Citric Acid, Potassium Sorbate, Sodium Benzoate""",Cair,23000,https://down-id.img.susercontent.com/file/id-11134207-7r98u-loaud6ifyakc9a.webp,https://shopee.co.id/Viva-Acne-Serum-With-Triple-Clarifying-Actives-i.18233004.23386717892?sp_atk=eb42e3da-7875-4d94-b0f4-6c42ba90ab84&xptdk=eb42e3da-7875-4d94-b0f4-6c42ba90ab84
"Viva Cosmetics
Vit C Collagen Serum",Serum,"""Aqua, Niacinamide, Sodium Ascorbyl Phosphate, Butylene Glycol, Propanediol, Phenoxyethanol, Polyacrylate Crosspolymer-6, Hydrolyzed Collagen, Cellulose Gum, Disodium EDTA, Ethylhexylglycerin, Triethylene Glycol, Sodium Hyaluronate, Kappaphycus Alvarezii Extract""",Cair,23000,https://down-id.img.susercontent.com/file/id-11134207-7rasj-m0mfcc4855b40c.webp,https://shopee.co.id/Viva-Vit-C-Collagen-Serum-i.18233004.28862400070?sp_atk=bda398ef-fa04-4339-a6fa-be1db7ff9738&xptdk=bda398ef-fa04-4339-a6fa-be1db7ff9738
"Viva Cosmetics
Gold Whitening Serum",Serum,"""Aqua, Niacinamide, Sodium Ascorbyl Phosphate, Propanediol, Butylene Glycol, Polyacrylate Crosspolymer-6, Phenoxyethanol, Citric Acid, Cellulose Gum, Hydrolyzed Collagen, Palm (Elaeis Guineensis) Oil, Gossypium Herbaceum Seed Oil, Ci. 77019, Bidens Pilosa Extract, Disodium EDTA, Ethylhexylglycerin, Triethylene Glycol, Linum Usitatissimum Seed Oil, Ci 77891, Ci 77491, Caprylyl Glycol, Tocopherol, Colloidal Gold""",Cair,23000,https://down-id.img.susercontent.com/file/id-11134207-7rase-m0mfcc482cfyd9.webp,https://shopee.co.id/Viva-Gold-Whitening-Serum-i.18233004.28212397343?sp_atk=b5051e8d-0507-4aae-a7b3-8c9345a4c09d&xptdk=b5051e8d-0507-4aae-a7b3-8c9345a4c09d
"Viva Cosmetics
Viva Queen Whitening Advanced Face Serum",Serum,"""Aqua, Propylene Glycol, PEG-12 Dimethicone, Betaine, Niacinamide, Ethyl Ascorbic Acid, Carbomer, Triethanolamine, Sodium Polyacrylate, Sodium Citrate, Allantoin, Methylparaben, Caprylic/​Capric Triglyceride, Mineral Oil, Citric Acid, Chamomile Recutita Flower Water, Tri-PPG- 3 Myristyl Ether Citrate, Disodium EDTA, Sorbitan Laurate, Trideceth-6, Bisabolol, Lactic Acid, Polysorbate 80, Potassium Sorbate, Sodium Benzoate""",Cair,76000,https://down-id.img.susercontent.com/file/7bb8be9c2e96aa52bd8b6d72d8676c9a@resize_w900_nl.webp,https://shopee.co.id/Viva-Queen-Whitening-Advanced-Face-Serum-i.18233004.5939050235?sp_atk=49d993b1-949d-4d82-9c27-153395a2ecd0&xptdk=49d993b1-949d-4d82-9c27-153395a2ecd0
"Viva Cosmetics
Viva Queen Pro-age Advanced Face Serum",Serum,"""Aqua, Butylene Glycol, Pentylene Glycol, Propanediol, Erythritol, Sodium Acrylates Copolymer, Triethanolamine, Acrylates/​C10-30 Alkyl Acrylate Crosspolymer, Lecithin, Hdi/​Trimethylol Hexyllactone Crosspolymer, Glycerin, Ethylhexylglycerin, Sodium Lauroyl Lactylate, Snail Secretion Filtrate, Disodium EDTA, Sodium Hyaluronate, Lactic Acid, Serine, Sodium Lactate, Sorbitol, Urea, Hydrolyzed Collagen, Hydrolyzed Hyaluronic Acid, Ceramide NP, Ethyl Hexanediol, Sodium Chloride, Ceramide AP, Phytosphingosine, Cholesterol, Xanthan Gum, Phenoxyethanol, Silica, Carbomer, Allantoin, Ceramide EOP""",Cair,75000,https://down-id.img.susercontent.com/file/id-11134207-7r991-lxwdi661nessdf.webp,https://shopee.co.id/Viva-Queen-Pro-Age-Advance-Face-Serum-i.18233004.18871403472?sp_atk=03d2428a-4802-43bf-b0dc-e909e9cc0714&xptdk=03d2428a-4802-43bf-b0dc-e909e9cc0714
"Mentholatum Acnes
Acnes Derma Barrier Booster Essence",Serum,"""Aqua (Water), Propanediol, Glycerin, Niacinamide, Squalane, Isononyl Isononanoate, Betaine, PVP, PEG-60 Hydrogenated Castor Oil, Saccharide Isomerate, PEG-20 Sorbitan Isostearate, Glyceryl Stearate, PPG-10 Methyl Glucose Ether, Phenoxyethanol, Stearyl Alcohol, PEG-8, Cetyl Alcohol, Acrylates, Hexylglycerin, Butylene Glycol, Disodium EDTA, Ceramide NG, Hydrolyzed Royal Jelly Protein, Citric Acid, Sodium Citrate, Rosa Canina Fruit Extract, Sodium Acetylated Hyaluronate, Tocopherol""",Cair,77000,https://down-id.img.susercontent.com/file/id-11134207-7rasm-m3a13iffv2vs8e.webp,https://shopee.co.id/Acnes-Derma-Barrier-Booster-Essence-20-ml-(Formulated-for-acne-sensitive-skin)-i.78713320.20181095082?sp_atk=59f5c416-32fd-472e-abb6-038123c39538&xptdk=59f5c416-32fd-472e-abb6-038123c39538
"Scora
3% Arbutin Serum",Serum,"""Aqua, Niacinamide, Alpha-Arbutin, Butylene Glycol, Glycerin, Allantoin, DMDM Hydantoin, Xanthan Gum, Disodium EDTA, PEG-12 Dimethicone, PEG-12 Allyl Ether, Cystoseira TamariscIfolia Extract, Phenoxyethanol, PEG-12""",Cair,49000,https://down-id.img.susercontent.com/file/id-11134207-7ra0h-mbrkirscfyzi21.webp,https://shopee.co.id/SCORA-3-Arbutin-Serum-20-ml-i.24998639.27409460574?sp_atk=b747c4c6-1a93-442e-baea-fb7f48f3ce9b&xptdk=b747c4c6-1a93-442e-baea-fb7f48f3ce9b
"Pond's
Bright Miracle Ultimate Clarity Serum",Serum,"""Water, Glycerin, Dimethicone, Pentylene Glycol, Niacinamide, Butylene Glycol, Caprylic/​Capric Triglyceride, Polysorbate 20, Phenoxyethanol, Ammonium Acryloyldimethyltaurate/​VP Copolymer, Xanthan Gum, Ammonium Acryloyldimethyltaurate/​Beheneth-25 Methacrylate Crosspolymer, Allantoin, Cystine, Glycine, Methylparaben, Tocopheryl Acetate, Disodium EDTA, Fragrance, Propylparaben, Sodium PCA, Stearic Acid, Citric Acid, Sodium Hydroxide, BHT, T-Butyl Alcohol, Cetyl Alcohol, Bifida Ferment Lysate, Sodium Carbonate, Sodium Acetylated Hyaluronate, 3-O-Ethyl Ascorbic Acid, Sodium Hyaluronate, Sodium Hyaluronate Crosspolymer, Hydrolyzed Sodium Hyaluronate, Ethylhexylglycerin, 4-Ethylresorcinol, Ceramide NP, Ceramide AP, Phytosphingosine, Cholesterol, Ceramide EOP, Ci 19140""",Cair,46000,https://down-id.img.susercontent.com/file/id-11134207-7r98y-lom0gwgr5b6pb1.webp,https://shopee.co.id/Pond's-Bright-Miracle-Ultimate-Clarity-Serum-30G-i.932470899.18971406411?sp_atk=18a8f317-1010-4bb1-b64b-3c7f1a32f918&xptdk=18a8f317-1010-4bb1-b64b-3c7f1a32f918
"Pond's
Age Miracle Ultimate Youth Day Serum",Serum,"""Water, Isodecyl Neopentanoate, Butylene Glycol, Glycerin, Niacinamide, Sodium Starch Octenylsuccinate, Hexylresorcinol, Retinyl Propionate, Sodium Acetylated Hyaluronate, Sodium Hyaluronate, Cetyl Alcohol, Hydroxypropyl Starch Phosphate, 1,2-Hexanediol, Ethylhexylglycerin, Acrylates/​C10-30 Alkyl Acrylate Crosspolymer, Dilauryl Thiodipropionate, Pentaerythrityl Tetra-Di-T-Butyl Hydroxyhydrocinnamate, Bisabolol, Decyl Glucoside, Potassium Hydroxide, Zingiber Officinale (Ginger) Root Extract, Tocopherol, Bifida Ferment Lysate, Betaine, Lecithin, Retinol, Acetyl Dipeptide-1 Cetyl Ester, Sodium Hyaluronate Crosspolymer, Hydrolyzed Sodium Hyaluronate, Ascorbyl Palmitate, Fragrance, Disodium EDTA, BHT, Phenoxyethanol, Ci 14700, Ci 19140""",Cair,73000,https://down-id.img.susercontent.com/file/sg-11134301-7rd5k-lvskfsk7ziok70@resize_w900_nl.webp,https://shopee.co.id/Jakarta-Fashion-Week-2025-PONDS-AGE-MIRACLE-ULTIMATE-DAY-SERUM-HEXYL-RETINOL-14gr-i.932470899.29401057327?sp_atk=e8734d2e-bbe0-41e5-a2ce-9c9a1783d2fd&xptdk=e8734d2e-bbe0-41e5-a2ce-9c9a1783d2fd
"Pond's
Age Miracle Ultimate Youth Night Serum",Serum,"""Water, Isodecyl Neopentanoate, Butylene Glycol, Glycerin, Niacinamide, Sodium Starch Octenylsuccinate, Hexylresorcinol, Tocopherol, Squalane, Retinyl Propionate, Hydroxypropyl Starch Phosphate, 1,2-Hexanediol, Ethylhexylglycerin, Cetyl Alcohol, Acrylates/​C10-30 Alkyl Acrylate Crosspolymer, Dilauryl Thiodipropionate, Pentaerythrityl Tetra-Di-T-Butyl Hydroxyhydrocinnamate, Bisabolol, Decyl Glucoside, Disodium EDTA, Potassium Hydroxide, Zingiber Officinale (Ginger) Root Extract, Bifida Ferment Lysate, Betaine, Lecithin, Retinol, Sodium Acetylated Hyaluronate, Sodium Hyaluronate, Acetyl Dipeptide-1 Cetyl Ester, Sodium Hyaluronate Crosspolymer, Hydrolyzed Sodium Hyaluronate, Ascorbyl Palmitate, Fragrance, BHT, Phenoxyethanol, Ci 14700, Ci 19140""",Cair,76000,https://down-id.img.susercontent.com/file/sg-11134301-7rd6b-lvskfp1f3oiq42@resize_w900_nl.webp,https://shopee.co.id/Jakarta-Fashion-Week-2025-Pond's-Age-Miracle-Hexyl-Retinol-Niacinamide-Hexylresorcinol-Retinol-C.-Night-Serum-14-gr-Mencerahkan-Kulit-dalam-7-hari-dengan-10x-kekuatan-Anti-Aging-Terbaik)-i.932470899.28551057123?sp_atk=f8c60728-e983-40a2-b0e3-0664aaeefbac&xptdk=f8c60728-e983-40a2-b0e3-0664aaeefbac
"True to Skin
Niacinamide Txa Brightening Serum",Serum,"""Water, Rosa Damascena Flower Water, Niacinamide, Glycerin, Methylpropanediol, Tranexamic Acid, Pentylene Glycol, 1,2-Hexanediol, Hydroxyacetophenone, Xanthan Gum, Disodium EDTA, Ethylhexylglycerin, Butylene Glycol, Octanediol, Cyanocobalamin""",Cair,58000,https://down-id.img.susercontent.com/file/id-11134207-7ra0r-md41kfx468qde6.webp,https://shopee.co.id/True-to-Skin-Niacinamide-TXA-Brightening-Serum-Mencerahkan-Mengatasi-Jerawat-dan-Bekas-Jerawat-Bruntusan-Kontrol-Minyak-i.344023672.7466096641?sp_atk=77daf0bd-6498-4158-9dd7-5c7678fde04f&xptdk=77daf0bd-6498-4158-9dd7-5c7678fde04f
"Mireya
Retinol Biostine Booster",Serum,"""Aqua, Caprylic/​Capric Triglyceride, Glycerin, Euglena Gracilis Polysaccharide, Glyceryl Stearate, Niacinamide, Ceteareth-24, Cetearyl Alcohol, Polysorbate 80, Hydrolyzed Collagen, Tocopheryl Acetate, Retinol, Allantoin, Citric Acid, Acetyl Hexapeptide-8, Phenoxyethanol, Xanthan Gum, EDTA, Caprylyl Glycol""",Cream,30000,https://down-id.img.susercontent.com/file/id-11134207-7ra0g-mdd0xy2qgv5ka0.webp,https://shopee.co.id/Mireya-Retinol-Biostine-Anti-Aging-Booster-Serum-Serum-Retinol-dengan-Vitamin-E-Niacinamide-Collagen-Biostine-untuk-Menjaga-Skin-Barrier-Mengurangi-Tanda-Penuaan-i.101578297.6688189539?sp_atk=4bfdec16-2c9a-4406-b2ad-d72cd2e30761&xptdk=4bfdec16-2c9a-4406-b2ad-d72cd2e30761
"Mireya
Unicorn Serum",Serum,"""Aqua Demineralisata, Niacinamide, Methylpropanediol, Ethyl Ascorbic Acid, Euglena Gracilis Polysaccharide, Hydrolyzed Collagen, Phenoxyethanol, Xanthan Gum, Ci. 77019, Tin Oxide, Ci 77891, Salicylic Acid, Aloe Barbadensis Leaf Powder, PEG-40 Hydrogenated Castor Oil, EDTA, Titanium Dioxide, Parfum""",Cair,21000,https://down-id.img.susercontent.com/file/id-11134207-7ra0i-mcq0732pwg1b21.webp,https://shopee.co.id/Mireya-Unicorn-Serum-Brightening-Moisturizing-%E2%80%93-Serum-Wajah-dengan-Vitamin-C-Collagen-Aloe-Vera-untuk-Mencerahkan-Melembapkan-Kulit-i.101578297.4819962435?sp_atk=2ebce2f2-8efc-4f0c-b89d-c03fff85872f&xptdk=2ebce2f2-8efc-4f0c-b89d-c03fff85872f
"Mireya
Mochi Gold Serum",Serum,"""Aqua, Niacinamide, Methylpropanediol, Ethyl Ascorbic Acid, Euglena Gracilis Polysaccharide, Hydrolyzed Collagen, Phenoxyethanol, Xanthan Gum, Ci. 77019, Ci 77015, Ci 74160, Salicylic Acid, Aloe Barbadensis Leaf Powder, PEG-40 Hydrogenated Castor Oil, Mica, EDTA, Titanium Dioxide, Hydrolyzed Collagen, Perfume""",Cair,27000,https://down-id.img.susercontent.com/file/id-11134207-7ra0j-md4a0mw8tnc334@resize_w900_nl.webp,https://shopee.co.id/Mireya-Mochi-Mochi-Gold-Serum-10ml-%E2%80%93-Serum-Wajah-dengan-Vitamin-B3-Vitamin-C-Collagen-Active-untuk-Mencerahkan-dan-Merawat-Kulit-i.101578297.7119959722?sp_atk=85a593d2-33f5-4dfb-bf9b-6e619546f304&xptdk=85a593d2-33f5-4dfb-bf9b-6e619546f304
"Mireya
Bright Boost Serum",Serum,"""Aqua/​Water, Niacinamide, Nicotinamide, Propylene Glycol, Glycerin, Panthenol, Dexpanthenol, Anthemis Nobilis Flower Extract, DMDM Hydantoin, Butylene Glycol, Ethyl Ascorbic Acid, Allantoin, Sodium Hyaluronate, EDTA, Prunus Serrulata Flower Extract, Dictyopteris Polypodioides Extract, Phenoxyethanol, Formaldehyde""",Cream,32000,https://down-id.img.susercontent.com/file/id-11134207-7ra0k-mcpxee7uwpif6d.webp,https://shopee.co.id/Mireya-Bright-Boost-Serum-Niacinamide-10-3M3-Whiteris-%E2%80%93-Serum-Wajah-untuk-Mencerahkan-Merawat-Kulit-dengan-Bekas-Jerawat-i.101578297.8316946140?sp_atk=d9eb9f48-dc7f-4751-b567-d418e369a174&xptdk=d9eb9f48-dc7f-4751-b567-d418e369a174
"Mireya
Glow-c Serum",Serum,"""Aqua Demineralisata, Glycerin, Ceteareth-20, PEG-40 Hydrogenated Castor Oil, Propylene Glycol, Ethyl Ascorbic Acid, Niacinamide, Phenoxyethanol, Anthemis Nobilis Flower Extract, Allantoin, Tocopheryl Acetate, Xanthan Gum, Citric Acid, Acetyl Hexapeptide-38, Caprylyl Glycol""",Cair,32000,https://down-id.img.susercontent.com/file/id-11134207-7ra0h-mcpwgru9lq9o1c.webp,https://shopee.co.id/Mireya-Glow-C-Youth-Boost-Serum-%E2%80%93-Serum-Vitamin-C-untuk-Mencerahkan-Kulit-dan-Membantu-Mengurangi-Bekas-Jerawat-i.101578297.3988276949?sp_atk=9be71bb5-5544-4e6d-a087-11b055550237&xptdk=9be71bb5-5544-4e6d-a087-11b055550237
"
TheActives.
Ethyl Ascorbic Acid 10% Serum",Serum,"""Aqua, 3-O-Ethyl Ascorbic Acid, Propanediol, Glycerin, Ethoxydiglycol, Panthenol, Allantoin, Polyacrylate Crosspolymer-6, Phenoxyethanol, Chlorphenesin""",Cair,64000,https://down-id.img.susercontent.com/file/id-11134207-81ztg-mf3q85w4ynm21a@resize_w900_nl.webp,https://shopee.co.id/The-Actives-Vitamin-C-Serum-Ethyl-Ascorbic-Acid-10-Brightening-Anti-Aging-20ml-BPOM--i.1006126467.23761300689?sp_atk=0b737709-b624-4bc4-b93b-4ed670a5bfee&xptdk=0b737709-b624-4bc4-b93b-4ed670a5bfee
"TheActives.
Salicylic Acid 2% + Zinc 0,5% Serum",Serum,"""Aqua, Propanediol, Salicylic Acid, Trisodium Citrate, Panthenol, Glycerin, Zinc Pca, Xanthan Gum, Phenoxyethanol, Chlorphenesin""",Cair,57000,https://down-id.img.susercontent.com/file/id-11134207-81ztn-mf3qnnfk6jgv06.webp,https://shopee.co.id/The-Actives-Salicylic-Acid-2-Zinc-0.5-Serum-Acne-Pore-Care-Oil-Control-20ml-BPOM--i.1006126467.24801518777?sp_atk=6ce0b9dd-9f6d-44b3-aecd-c599659993c1&xptdk=6ce0b9dd-9f6d-44b3-aecd-c599659993c1
"TheActives.
Niacinamide 10% + Nag 2% Serum",Serum,"""Aqua, Niacinamide, Butylene Glycol, N-Acetyl Glucosamine, Ethoxydiglycol, Dimethyl Isosorbide, Sodium Hyaluronate, Xanthan Gum, Phenoxyethanol, Chlorphenesin""",Cair,57000,https://down-id.img.susercontent.com/file/id-11134207-81ztn-mf3qnnfk6jgv06@resize_w900_nl.webp,https://shopee.co.id/The-Actives-Salicylic-Acid-2-Zinc-0.5-Serum-Acne-Pore-Care-Oil-Control-20ml-BPOM--i.1006126467.24801518777?sp_atk=6ce0b9dd-9f6d-44b3-aecd-c599659993c1&xptdk=6ce0b9dd-9f6d-44b3-aecd-c599659993c1
"TheActives.
Hyaluronic 2% + Panthenol (B5) 1%",Serum,"""Aqua, Sodium Hyaluronate, Panthenol, Propanediol, Ethoxydiglycol, Trisodium Ethylenediamine Disuccinate, Phenoxyethanol, Chlorphenesin""",Cair,59000,https://down-id.img.susercontent.com/file/id-11134207-81ztf-mf3qvk3p8xe298.webp,https://shopee.co.id/Serum-Hyaluronic-Acid-2-Panthenol-1-Intense-Hydration-Calm-Moisturized-Skin-20ml-BPOM--i.1006126467.23143832351?sp_atk=1bf75a7d-658d-422d-9d19-b3f76acc8ff9&xptdk=1bf75a7d-658d-422d-9d19-b3f76acc8ff9
"All Perfect
Whitening Serum",Serum,"""Aqua, Niacinamide, Propylene Glycol, Alpha-Arbutin, Ethyl Ascorbic Acid, Hamamelis Virginiana Extract, Ethoxydiglycol, Euglena Gracilis Polysaccharide, Hydrolyzed Collagen, Glycerin, Alcohol, Xanthan Gum, Phenoxyethanol, Aloe Barbadensis Leaf Extract, Disodium EDTA, PEG-40 Hydrogenated Castor Oil, Fragrance, Goat Milk Extract, Farnesol, Ethylhexyl-Glycerin, Sodium Metabisulphite, Arbutin, Lecithin, Linoleic Acid, Sodium Ascorbyl Phosphate, Tocopheryl Acetate, Linalool, Glutathione, Tocopherol, Vitis Vinifera Extract""",Cair,62000,https://down-id.img.susercontent.com/file/id-11134207-81ztk-mf7xt21yapzda6@resize_w900_nl.webp,https://shopee.co.id/All-Perfect-Whitening-Serum-Serum-Pencerah-Wajah-20ml-i.167618454.2610569753?sp_atk=f9e0f469-dd99-4b76-a145-7bd41c86f92f&xptdk=f9e0f469-dd99-4b76-a145-7bd41c86f92f
"Real White
AHA BHA Face Serum",Serum,"""Aqua, PPG-40-PEG-60 Lanolin Oil, Butylene Glycol, Glycolic Acid, Salicylic Acid, Polyacrylate Crosspolymer-11, Phenoxyethanol""",Cair,31000,https://down-id.img.susercontent.com/file/id-11134207-7rasa-m12jepmcobf917@resize_w900_nl.webp,https://shopee.co.id/Real-White-AHA-BHA-Face-Serum-20ml-Untuk-Kulit-Cerah-i.413930996.7084035178
"Avoskin
Your Skin Bae Lactic Acid 10% + Kiwi Fruit 5% + Niacinamide 2,5% High Dose Serum",Serum,"""Aqua, L-Lactic Acid, Glycerin, Actinidia Chinensis (Kiwi) Fruit Extract, Biosaccharide Gum-1, Butylene Glycol, Niacinamide, NaOH (48%), Butylene Glycol, Hydroxyethyl Cellulose, Phenoxyethanol, Allantoin, Chlorphenesin, Disodium EDTA, Sodium Bisulfite""",Gel,88000,https://down-id.img.susercontent.com/file/id-11134207-7qul1-lhspohs9od7o03@resize_w900_nl.webp,https://shopee.co.id/Avoskin-Your-Skin-Bae-Lactic-Acid-10-Kiwi-Fruit-5-Niacinamide-2-5-SERUM-LACTIC-ACID--i.116744596.5983328416?sp_atk=358e945c-3215-48e0-819a-fee214bd5447&xptdk=358e945c-3215-48e0-819a-fee214bd5447
"Avoskin
Your Skin Bae Serum Tea Tree + Witch Hazel + Glycolic Acid + Rosemary",Serum,"""Aqua, Propylene Glycol, Glycerin, Niacinamide (2%), Xanthan Gum, Phenoxyethanol, Glycolic Acid (0.5%), Rosmarinus Officinalis Extract, Melaleuca Alternifolia Leaf Extract, Hamamelis Virginiana Leaf Extract (0.3%), Butylene Glycol, Chlorphenesin, Sodium Bisulfite, Tetrasodium EDTA, Biosaccharide Gum-1, 1,2-Hexanediol, Sodium Hydroxide, Tea Tree, Witch Hazel, Glycolic Acid, Rosemary Extract""",Gel,60000,https://down-id.img.susercontent.com/file/sg-11134201-22100-58qb9gqh26iv08@resize_w900_nl.webp,https://shopee.co.id/Avoskin-YSB-Tea-Tree-Witch-Hazel-Glycolic-Acid-Rosemary-Serum-i.116744596.18858058138?sp_atk=eb9e98a2-3cd3-441d-91df-2d14a85a7072&xptdk=eb9e98a2-3cd3-441d-91df-2d14a85a7072
"Avoskin
Ysb Serum Mandelic Acid 5% + Panthenol + Perilla Extract",Serum,"""Aqua, Propylene Glycol, Mandelic Acid (5%), Glycerin, Xanthan Gum, Phenoxyethanol, Sodium Hydroxide, Panthenol (0.5%), Chlorphenesin, Sodium Bisulfite, Tetrasodium EDTA, Perilla Ocymoides Seed Extract, Biosaccharide Gum-1, Benzaldehyde, Benzoic Acid, Potassium Sorbate, Sodium Benzoate""",Gel,50000,https://down-id.img.susercontent.com/file/sg-11134201-22100-2ohwh7rn26iv75@resize_w900_nl.webp,https://shopee.co.id/Avoskin-YSB-Mandelic-Acid-5-Panthenol-Perilla-Extract-Serum-i.116744596.20558058170?sp_atk=800b5366-41a5-4011-8760-986f03f78dfb&xptdk=800b5366-41a5-4011-8760-986f03f78dfb
"Reluvie
Acne Serum",Serum,"""Aqua, Alcohol, Ethoxydiglycol, Glycerin, Salicylic Acid, Phenoxyethanol, Amylopectin, Hydroxyethylcellulose, Dextrin, Xanthan Gum, Triethanolamine, Ethylhexyl Glycerine""",Cair,67000,https://down-id.img.susercontent.com/file/id-11134207-7rasf-m5cfri1w66dvde@resize_w900_nl.webp,https://shopee.co.id/Reluvie-BHA-Acne-Serum-Ampuh-Mengatasi-Jerawat-dan-Kemerahan-i.193368584.3513323566?sp_atk=2522f147-ed50-463b-94ab-6b61d515e241&xptdk=2522f147-ed50-463b-94ab-6b61d515e241
Kagary Brightening Serum 10% Niacinamide 5% Vitamin C 1% Zinc Brightening & Anti-aging Serum,Serum,"""Aqua, Niacinamide, Butylene Glycol, Glycerin, 3-0-Ethyl Ascorbic Acid, Methylpropanediol, Carbomer, Arginine, Hydroxyacetophenone, Panthenol, Sodium Acrylate/​Sodium Acryloyldimethyl Taurate Copolymer, Stephania Tetrandra Extract, Hydroxyethylcellulose, Isohexadecane, Caprylhydroxamic Acid, Disodium EDTA, Citric Acid, Centella Asiatica Extract, Polysorbate 80, Polygonum Cuspidatum Root Extract, Scutellaria Baicalensis Root Extract, Sorbitan Oleate, Camellia Sinensis Leaf Extract, Glycyrrhiza Glabra (Licorice) Root Extract, Titanium Dioxide, Glyceryl Caprylate, Phenoxyethanol, PEG-40 Hydrogenated Castor Oil, Chamomilla Recutita (Matricaria) Flower Extract, Rosmarinus Officinalis (Rosemar Y) Leaf Extract, Fragrance, Zinc Pca, PEG-10, Alumina, Ci 15985, Silica, Sodium Chloride, Ci 19140""",Cream,30000,https://down-id.img.susercontent.com/file/id-11134207-7rase-m2g6tisar98q7d@resize_w900_nl.webp,https://shopee.co.id/KAGARY-Brightening-Serum-10-Niacinamide-5-Vitamin-C-1-Zinc-Brightening-Anti-Aging-Serum-i.1327211152.26167231258
"PURE DEW
3x Retinol Anti-wrinkle Serum",Serum,"""Aqua, Dipropylene Glycol, Butylene Glycol, Glycereth-26, 1,2-Hexanediol, Niacinamide, Phenoxyethanol, Trehalose, Carnosine, Carbomer, Arginine, Chlorphenesin, Glycerin, Disodium EDTA, PEG-40 Hydrogenated Castor Oil, Sodium Hyaluronate, Aroma, Palmitoyl Tripeptide-5, Dipeptide Diaminobutyroyl Benzylamide Diacetate, Ci 19140, Ci 15985, Caprylic/​Capric Triglyceride, Polysorbate 80, Retinyl Propionate, Retinol, Polysorbate 20, Ethyl Lauroyl Arginate Hcl, Hydroxypinacolone Retinoate""",Cair,38000,https://down-id.img.susercontent.com/file/id-11134207-82250-mfw9njumuwwbb3@resize_w900_nl.webp,https://shopee.co.id/PURE-DEW-Essence-3x-Retinol-Serum-Wajah-Anti-age-Serum-20ml-With-Niacinamide-Brightening-Menyamarkan-Garis-Halus-Meratakan-Warna-Kulit-Berjerawat-i.1088411547.22982643046?sp_atk=95e0e0c8-e4dd-42e3-bab5-877a6ac09879&xptdk=95e0e0c8-e4dd-42e3-bab5-877a6ac09879
"PURE DEW
ARBUTIN-BRIGHTEN VITAMIN C SERUM",Serum,"""Aqua, Glycerin, Butylene Glycol, Niacinamide, Glycereth-26, Betaine, 1,2-Hexanediol, Diethoxyethyl Succinate, Phenoxyethanol, Saccharide Isomerate, Carbomer, Arginine, Panthenol, Chlorphenesin, Sodium Hyaluronate, Sodium Polyacrylate, PEG-40 Hydrogenated Castor Oil, Disodium EDTA, Aroma, Sodium Citrate, Citric Acid, Arbutin, Tranexamic Acid, 3-0-Ethyl Ascorbic Acid, Glutathione""",Cair,37000,https://down-id.img.susercontent.com/file/id-11134207-8224p-mfw9njuistu620@resize_w900_nl.webp,https://shopee.co.id/PURE-DEW-Mencerahkan-Essence-Serum-Vitamin-C-Brightening-Glow-Serum-20ml-With-Niacinamide-Brightening-Skincare-Cepat-Cerahkan-Noda-Hitam-i.1088411547.23757141462?sp_atk=1590578f-a738-4e10-94f9-c3926387ed06&xptdk=1590578f-a738-4e10-94f9-c3926387ed06
"Implora
Bakuchiol Serum",Serum,"""Aqua, Butylene Glycol, Propylene Glycol, Glyserin, Ethoxydiglycol, Psoralea Corylifolia Fruit Extract, Silanediol Salicylate, Sodium Lactate, Sodium PCA, Acrylates/​C10-30 Alkyl Acrylate Crosspolymer, DMDM Hydantoin, Hydroxypropyl Methylcellulose, Tetrasodium EDTA, 1,2-Hexanediol, Sodium Hydroxide, Triethanolamine, Euterpe Oleracea Fruit Extract, Fragaria Vesca Fruit Extract, Fructose, Glycine, Inositol, Lactic Acid, Niacinamide, Ribes Nigrum Fruit Extract, Rubus Fruticosus Fruit Extract, Rubus Idaeus Fruit Extract, Urea, Vaccinium Angustifolium Fruit Extract, Vaccinium Macrocarpon Fruit Extract, Iodopropynyl Butylcarbamate, Sodium Benzoate, Aloe Barbadensis Leaf Extract, Sodium Chloride, Sodium Methylparaben, Benzoic Acid, Bakuchiol, Propyl Paraben""",Gel,24000,https://down-id.img.susercontent.com/file/id-11134201-23030-jicyy1c7rpov02@resize_w900_nl.webp,https://shopee.co.id/Implora-Serum-Wajah-20ML-Mencerahkan-Kulit-Berjerawat-Komedo-Dark-Spot-Hydrating-i.10960132.7294689671?sp_atk=ab3bf775-c536-4587-bb41-8cd3b0c48be6&xptdk=ab3bf775-c536-4587-bb41-8cd3b0c48be6
"Implora
Acne Serum",Serum,"""Aqua, Centella Asiatica Extract, Butylene Glycol, Propylene Glycol, Glyserin, Silanediol Salicylate, Propanediol, Ethoxydiglycol, 1,2-Hexanediol, Sodium Lactate, Sodium PCA, Acrylates/​C10-30 Alkyl Acrylate Crosspolymer, DMDM Hydantoin, Fomes Officinalis Extract, Hydroxypropyl Methylcellulose, Tetrasodium EDTA, Sodium Hydroxide, Triethanolamine, Fructose, Glycine, Inositol, Lactic Acid, Niacinamide, Urea, Iodopropynyl Butylcarbamate, Sodium Benzoate, Sodium Methylparaben, Terry-Dry Freeze Dried Or Spray Dried Aloevera Powders, Sodium Chloride, Benzoic Acid, Propyl Paraben""",Gel,26000,https://down-id.img.susercontent.com/file/id-11134201-23030-wn75gxm6rpovd6@resize_w900_nl.webp,https://shopee.co.id/Implora-Serum-Wajah-20ML-Mencerahkan-Kulit-Berjerawat-Komedo-Dark-Spot-Hydrating-i.10960132.7294689671?sp_atk=ab3bf775-c536-4587-bb41-8cd3b0c48be6&xptdk=ab3bf775-c536-4587-bb41-8cd3b0c48be6
"Implora
Peeling Serum",Serum,"""Aqua, Butylene Glycol, Propylene Glycol, Glycolic Acid, Glycerin, Succinic Acid, Silanediol Salicylate, Ethoxydiglycol, PEG-40 Hydrogenated Castor Oil, Trideceth-9, Sodium Lactate, Sodium PCA, Hydroxypropyl Methylcellulose, DMDM Hydantoin, Glycyrrhiza Glabra Root Extract, Triethanolamine, Sodium Hydroxide, Tetrasodium EDTA, Iodopropynyl Butylcarbamate, Fructose, Glycine, Inositol, Lactic Acid, Niacinamide, Urea, Glabridin, Benzoic Acid, Sodium Benzoate, Sodium Methylparaben, Sodium Chloride, Terry-Dry Freeze Dried Or Spray Dried Aloe Vera Powders, Propylparaben
May Contain: Ci 14720, Ci 15985, Ci 42090""",Gel,29000,https://down-id.img.susercontent.com/file/id-11134201-23030-myffocy6rpov84@resize_w900_nl.webp,https://shopee.co.id/Implora-Serum-Wajah-20ML-Mencerahkan-Kulit-Berjerawat-Komedo-Dark-Spot-Hydrating-i.10960132.7294689671?sp_atk=ab3bf775-c536-4587-bb41-8cd3b0c48be6&xptdk=ab3bf775-c536-4587-bb41-8cd3b0c48be6
"Implora
Midnight Serum",Serum,"""Aqua, Galactomyces Ferment Filtrate, Butylene Glycol, Propylene Glycol, Glycerine, Ethoxydiglycol, Hydrolyzed Pea Protein, Pentylene Glycol, Sodium Lactate, Sodium PCA, DMDM Hydantoin, Acrylates/​C10-30 Alkyl Acrylate Crosspolymer, Hydroxypropyl Methylcellulose, Hamamelis Virginiana (Witch Hazel) Extract, Polysorbate 20, Phenoxyethanol, Tetrasodium EDTA, Coriandrum Sativum Fruit Extract, Sodium Hydroxide, Olea Europaea Fruit Extract, Triethanolamine, Fructose, Glycine, Inositol, Lactic Acid, Niacinamide, Urea, Iodopropynyl Butylcarbamate, Sodium Benzoate, Terry-Dry Freeze Dried Or Spray Dried Aloe Vera Powders, Sodium Chloride, Benzoic Acid""",Gel,24000,https://down-id.img.susercontent.com/file/id-11134201-23030-ohczgvt6rpovd5@resize_w900_nl.webp,https://shopee.co.id/Implora-Serum-Wajah-20ML-Mencerahkan-Kulit-Berjerawat-Komedo-Dark-Spot-Hydrating-i.10960132.7294689671?sp_atk=ab3bf775-c536-4587-bb41-8cd3b0c48be6&xptdk=ab3bf775-c536-4587-bb41-8cd3b0c48be6
"Implora
Hydrating Serum",Serum,"""Aqua, Butylene Glycol, Propylene Glycol, Glyserin, Chenopodium Quinoa Seed Extract, Ethoxydiglycol, Sodium Hyaluronate, Sodium Lactate, Sodium PCA, DMDM Hydantoin, Tetrasodium EDTA, Triethanolamine, Fructose, Glycine, Inositol, Lactic Acid, Niacinamide, Urea, Iodopropynyl Butylcarbamate, Sodium Benzoate, Aloe Barbadensis Leaf Extract, Benzoic Acid""",Gel,29000,https://down-id.img.susercontent.com/file/id-11134201-23030-p3rynr36rpov68@resize_w900_nl.webp,https://shopee.co.id/Implora-Serum-Wajah-20ML-Mencerahkan-Kulit-Berjerawat-Komedo-Dark-Spot-Hydrating-i.10960132.7294689671?sp_atk=ab3bf775-c536-4587-bb41-8cd3b0c48be6&xptdk=ab3bf775-c536-4587-bb41-8cd3b0c48be6
COSRX AHA/BHA Clarifying Treatment Toner,Eksfoliasi,"""Water, Salix Alba (Willow) Bark Water, Pyrus Malus (Apple) Fruit Water, Butylene Glycol, 1,2-Hexanediol, Sodium Lactate, Glycolic Acid, Betaine Salicylate, Allantoin, Panthenol, Ethyl Hexanediol""
",Cair,95000,https://down-id.img.susercontent.com/file/id-11134207-7r98u-lw56siywgtjhfe.webp,https://shopee.co.id/COSRX-AHA-BHA-Clarifying-treatment-toner-Mini-Size-30ml
Somethinc Glow Maker AHA BHA PHA Clarifying Treatment Toner,Eksfoliasi,"""Water, Butylene Glycol, Glycolic Acid, Arginine, 1,2-Hexanediol, Betaine, Allantoin, Lactobionic Acid, Anthemis Nobilis Flower Extract, Salicylic Acid, Caffeine""",Cair,70000,https://down-id.img.susercontent.com/file/id-11134201-7r98z-lwg16gkk4dpj02.webp,https://shopee.co.id/SOMETHINC-GLOW-MAKER-AHA-BHA-PHA-Clarifying-Treatment-Toner-Toner-Eksfoliasi-Mengangkat-Sel-Kulit-Mati
Avoskin Miraculous Refining Toner (AHA/BHA/PHA),Eksfoliasi,"""Water, Glycerin, Glycolic Acid, Butylene Glycol, Propylene Glycol, Gluconolactone, Melaleuca Alternifolia (Tea Tree) Leaf Extract, Hamamelis Virginiana (Witch Hazel) Leaf Extract, Niacinamide, Chamomilla Recutita (Matricaria) Flower Extract, Rubus Idaeus (Raspberry Fruit) Extract, Citrus Limon (Lemon) Fruit Extract, Salicylic Acid, Acer Saccharum (Sugar Maple) Extract, Portulaca Oleracea Extract, Aloe Barbadensis Leaf Juice, Amylopectin, Dextrin, Xanthan Gum, Tetrasodium EDTA, Sodium Hydroxymethylglycinate, Polyglutamic Acid""",Cair,73000,https://incidecoder-content.storage.googleapis.com/49192457-83b4-4d97-bb6e-4737a78eb782/products/avoskin-miraculous-refining-toner/avoskin-miraculous-refining-toner_front_photo_300x300@2x.webp,https://shopee.co.id/Travel-Toner-Avoskin-Miraculous-Refining-20ml-AHA-BHA-PHA-Eksfoliasi-Kulit-Wajah-i.154494405.6816997326?sp_atk=28b5505c-a3d6-4683-9f5a-ae10498c88c0&xptdk=28b5505c-a3d6-4683-9f5a-ae10498c88c0
Emina Ms. Pimple Acne Solution Exfoliating Toner,Eksfoliasi,"""Aqua, Glyserin, Biosaccharide Gum-1, Zinc Gluconate, Butylene Glycol, Phenoxyethanol, Salicylic Acid, Amylopectin, Dextrin, Xanthan Gum, Chlorphenesin, Allantoin, Disodium EDTA, Aminomethyl Propanol, Trideceth-9, Hamamelis Virginiana Witch Hazel Extract, PEG-40 Hydrogenated Castor Oil, Fragrance, Polysorbate 20, Epilobium Angustifolium Extract, Sodium Metabisulfite""
",Cair,43000,https://incidecoder-content.storage.googleapis.com/1aa0c6dd-2277-45a8-bbea-e6295a858f26/products/emina-ms-pimple-exfoliating-toner/emina-ms-pimple-exfoliating-toner_front_photo_300x300@2x.webp,https://shopee.co.id/Emina-Ms.-Pimple-Acne-Solution-Exfoliating-Toner-100-mL-Angkat-Sel-Kulit-Mati-dan-Komedo-Atasi-Jerawat-dalam-7-Hari!-i.63983008.14382577005?sp_atk=489fc8cd-ba30-4066-a0cb-704f607a6e21&xptdk=489fc8cd-ba30-4066-a0cb-704f607a6e21
Azarine Daily Beginner Exfoliating Toner,Eksfoliasi,"""Aqua, Glycerin, Portulaca Oleracea Extract, Lactic Acid, Potassium Azeloyl Diglycinate, Allantoin, Lactobionic Acid, Bacillus Ferment, Propylene Glycol, Chlorphenesin, Salicylic Acid, Sodium Hyaluronate, Xanthan Gum, Phenoxyethanol, Citric Acid""
",Cair,68901,https://incidecoder-content.storage.googleapis.com/0683b808-0900-419e-81ff-5cb9b829fbc5/products/azarine-daily-beginner-exfoliating-toner/azarine-daily-beginner-exfoliating-toner_front_photo_300x300@2x.webp,https://shopee.co.id/Azarine-Toner-Daily-Beginner-Exfoliating-Botol-90-ml-(Variasi)-i.36998337.18374230670?sp_atk=c12fc8e8-f08c-45f5-9f36-7edf2e75a47a&xptdk=c12fc8e8-f08c-45f5-9f36-7edf2e75a47a
SOME BY MI AHA BHA PHA 30 Days Miracle Toner,Eksfoliasi,"""Water, Butylene Glycol, Dipropylene Glycol, Glycerin, Niacinamide, Melaleuca Alternifolia (Tea Tree) Leaf Water, Polyglyceryl-4 Caprate, Carica Papaya (Papaya) Fruit Extract, Lens Esculenta (Lentil) Seed Extract, Hamamelis Virginiana (Witch Hazel) Extract, Nelumbo Nucifera Flower Extract, Swiftlet Nest Extract, Sodium Hyaluronate, Fructan, Allantoin, Adenosine, Hydroxyethyl Urea, Xylitol, Salicylic Acid, Lactobionic Acid, Citric Acid, Sodium Citrate, 1,2-Hexanediol, Benzyl Glycol, Ethylhexylglycerin, Raspberry Ketone, Mentha Piperita (Peppermint) Oil""",Cair,60200,https://incidecoder-content.storage.googleapis.com/798588a4-c1dd-45f4-873f-ba55f805c942/products/some-by-mi-aha-bha-pha-30days-miracle-toner/some-by-mi-aha-bha-pha-30days-miracle-toner_front_photo_300x300@2x.webp,https://shopee.co.id/-MINI-SIZE-SOME-BY-MI-Aha-Bha-Pha-30-Days-Miracle-Toner-30ml-i.455311481.2984392679?sp_atk=5b20948c-b1c4-4c82-b148-5df207c01aa6&xptdk=5b20948c-b1c4-4c82-b148-5df207c01aa6
The Originote H-llow Clarifying Toner,Eksfoliasi,"""Water, Glycerin, Butylene Glycol, Phenoxyethanol, Lactobionic Acid, Niacinamide, Methylparaben, Allantoin, Glycolic Acid, Sodium Hydroxide, Ethylhexylglycerin, Disodium EDTA, Salicylic Acid, Xanthan Gum, Sodium Hyaluronate, Salix Alba (Willow) Bark Extract, Propanediol 1,3, 1,2-Hexanediol, Centella Asiatica Extract, Dextrin, Artemisia Argyi Leaf Extract, Caprylhydroxamic Acid""",Cair,35900,https://incidecoder-content.storage.googleapis.com/ebe451cb-dcde-4576-b196-3dc4b094a77d/products/the-originote-h-llow-clarifying-toner-aha-bha-pha-with-willow-bark/the-originote-h-llow-clarifying-toner-aha-bha-pha-with-willow-bark_front_photo_300x300@2x.webp,https://shopee.co.id/The-Originote-H-llow-Clarifying-Toner-Exfoliating-Hydrating-Toner-Eksfoliasi-Melembabkan-Wajah-Oil-Control-Acne-Treatment-Jerawat-Bekas-Calm-Down-Redness-Menjaga-Skin-Barrier-Meredakan-Kemerahan-Melembabkan-Menghidrasi-Kulit-dengan-AHA-BHA-PHA-i.710619388.19926467241?sp_atk=b5e4ff2f-d73d-47b0-9162-e2f9f0441244&xptdk=b5e4ff2f-d73d-47b0-9162-e2f9f0441244
NPURE Cica Clear Pad,Eksfoliasi,"""Water, Butylene Glycol, Methylpropanediol, 1,2-Hexanediol, Acetyl Glucosamine, Glycerin, Phenoxyethanol, Hydroxyacetophenone, Betaine, PEG-60 Hydrogenated Castor Oil, Sodium Citrate, Caffeine, Octyldodeceth-16, Panthenol, Allantoin, Capryl Glycol, Ethylhexylglycerin, Disodium EDTA, Xanthan Gum, Rosmarinus Officinalis (Rosemary) Leaf Oil, Melia Azadirachta Leaf Extract, Citric Acid, Salix Alba (Willow) Bark Extract, Centella Asiatica Leaf Extract, Centella Asiatica Root Extract, Saccharomyces Ferment, Madecassoside, Madecassic Acid, Asiaticoside, Asiatic Acid, Centella Asiatica Leaf Water, Melia Azadirachta Flower Extract, Lactobionic Acid, Helianthus Annuus (Sunflower) Seed Oil, Glycolic Acid, Centella Asiatica Extract, Tocopherol, Propanediol""",Cair,86500,https://incidecoder-content.storage.googleapis.com/ebafe400-f12f-46fe-8a13-a0eaf9979b2e/products/npure-npure-cica-acne-clear-pad/npure-npure-cica-acne-clear-pad_front_photo_300x300@2x.webp,https://shopee.co.id/NPURE-Gentle-Exfoliation-Pad-Acne-Clear-Pad-Cica-Kapas-Eksfoliasi-Kulit-Jerawat-Acne-Exfoliating-Pad-(40-pads)-Acid-Extract-Glycolic-Pha-Wajah-Bruntusan-i.115276607.8744561909?sp_atk=04adb16d-9160-489f-94d9-77c3363eeae2&xptdk=04adb16d-9160-489f-94d9-77c3363eeae2
Elsheskin Exfolicare Solution,Eksfoliasi,"""Water, Mandelic Acid (4%), Lactic Acid (4%), Sodium Hydroxide, Actinidia Chinensis Fruit Water, Glycolic Acid (1%), Glycerin, Pentylene Glycol, Salicylic Acid (1%), Aloe Barbadensis Leaf Juice, Propylene Glycol, Phenoxyethanol, Chlorphenesin, Hydroxyethylcellulose, Butylene Glycol, Panthenol, Allantoin, Cucumis Sativus Fruit Extract, Ethylhexylglycerin, Sodium Hyaluronate, Glucose, Arctostaphylos Uva-Ursi Leaf Extract, Butylene Glycol, Calendula Officinalis Flower Extract, Papain, Potassium Sorbate, Sodium Benzoate, Rosa Roxburghii Fruit Extract""",Cair,113000,https://incidecoder-content.storage.googleapis.com/ac95a6c8-7cb5-4799-a423-749b4281787c/products/elsheskin-exfolicare-solution-toner/elsheskin-exfolicare-solution-toner_front_photo_300x300@2x.webp,https://shopee.co.id/-LIVE-Elsheskin-Exfolicare-Solution-100-g-Toner-Eksfoliasi-Wajah-Glowing-Cerah-Halus-Ramah-Pemula-Kulit-Sensitif-(Exfoliating-Toner-for-Brightening-Smoothing-and-Peeling)-i.9035345.20688383033?sp_atk=f07aae12-e600-4bf4-8330-71886462fb1f&xptdk=f07aae12-e600-4bf4-8330-71886462fb1f
Benton Aloe BHA Skin Toner,Eksfoliasi,"""Aloe Barbadensis Leaf Water, Water, Butylene Glycol, Glycerin, Dipropylene Glycol, Pentylene Glycol, 1,2-Hexanediol, Aloe Barbadensis Leaf Juice, Sodium Hyaluronate, Portulaca Oleracea Extract, Psidium Guajava Fruit Extract, Aspalathus Linearis Extract, Cynanchum Atratum Extract, Salicylic Acid, Perilla Ocymoides Leaf Extract, Schisandra Chinensis Fruit Extract, Acorus Calamus Root Extract, Aloe Barbadensis Leaf Extract, Althaea Rosea Root Extract, Polyglutamic Acid, Beta-Glucan, Arginine, Allantoin, Citrus Paradisi (Grapefruit) Fruit Extract, Caprylyl Glycol, C12-14 Pareth-12, Acrylates/​C10-30 Alkyl Acrylate Crosspolymer, Xanthan Gum""",Cair,56000,https://incidecoder-content.storage.googleapis.com/f4f74e87-a35a-4621-ae0a-dcbed8141303/products/benton-aloe-bha-skin-toner-9/benton-aloe-bha-skin-toner-9_front_photo_300x300@2x.webp,https://shopee.co.id/Benton-Aloe-BHA-Skin-Toner-30ml-(Deluxe-Size)-i.180415888.9127821632?sp_atk=5c19faaf-5d13-43a5-a014-f0e8e70d5ad4&xptdk=5c19faaf-5d13-43a5-a014-f0e8e70d5ad4
The Originote Peeling Solution,Eksfoliasi,"""Water, Glycolic Acid, Sodium Hydroxide, Pentylene Glycol, Gluconolactone, Glycerin, Propanediol, Xanthan Gum, 1,2-Hexanediol, Salicylic Acid, Acacia Senegal Gum, C12-14 Alketh-12, Caprylyl Glycol, Hydrolyzed Gardenia Florida Extract, Maltodextrin, Ethylhexylglycerin, Sodium Phytate, Butylene Glycol, Centella Asiatica Extract, Glycine, Polygonum Cuspidatum Root Extract, Scutellaria Baicalensis Root Extract, Serine, Glutamic Acid, Glycyrrhiza Glabra (Licorice) Root Extract, Camellia Sinensis Leaf Extract, Aspartic Acid, Leucine, Rosmarinus Officinalis (Rosemary) Leaf Extract, Chamomilla Recutita (Matricaria) Flower Extract, Alanine, Lysine, Arginine, Tyrosine, Phenylalanine, Valine, Threonine, Proline, Isoleucine, Tocopherol, Histidine, Methionine, Cysteine""",Cair,36900,https://incidecoder-content.storage.googleapis.com/64372bbb-a3c1-4f27-84eb-8e1bd61e113b/products/the-originote-b5-peeling-solution/the-originote-b5-peeling-solution_front_photo_300x300@2x.webp,https://shopee.co.id/The-Originote-B5-Peeling-Solution-Serum-Exfoliating-Eksfoliasi-Wajah-Meratakan-Warna-Kulit-Memperbaiki-Tekstur-Wajah-Penghalusan-Kulit-Mengangkat-Sel-Kulit-Mati-Membersihkan-Anti-Acne-with-AHA-BHA-PHA-i.710619388.29604406494?sp_atk=f2f1264f-b0ff-469c-866f-3869220a4b7b&xptdk=f2f1264f-b0ff-469c-866f-3869220a4b7b
Whitelab Peeling Serum AHA BHA PHA,Eksfoliasi,"""Aqua, Butylene Glycol, Mandelic Acid (5%), Ethyl Alcohol, Niacinamide (2%), Salicylic Acid (2%), Lactobionic Acid (2%), Glycerin, Glycyrrhiza Glabra Root Extract, PEG-40 Hydrogenated Castor Oil, Dipotassium Glycyrrhizate, Allantoin, Xanthan Gum, Parfum""",Cair,68000,https://down-id.img.susercontent.com/file/id-11134207-7ra0i-mcsrfxcao8jbe0@resize_w900_nl.webp,https://shopee.co.id/Whitelab-17-Intensive-Peeling-AHA-BHA-PHA-Serum-Serum-Eksfoliasi-Pengangkat-Sel-Kulit-Mati-Memperbaiki-Tekstur-Kulit-Sebum-Melting-Komedo-BPOM--i.201071840.3479331703?sp_atk=41016df7-960d-4a85-8e07-597bbf778f9d&xptdk=41016df7-960d-4a85-8e07-597bbf778f9d
Implora Peeling Serum,Eksfoliasi,"""Aqua, Butylene Glycol, Propylene Glycol, Glycolic Acid, Glycerin, Succinic Acid, Silanediol Salicylate, Ethoxydiglycol, PEG-40 Hydrogenated Castor Oil, Trideceth-9, Sodium Lactate, Sodium PCA, Hydroxypropyl Methylcellulose, DMDM Hydantoin, Glycyrrhiza Glabra Root Extract, Triethanolamine, Sodium Hydroxide, Tetrasodium EDTA, Iodopropynyl Butylcarbamate, Fructose, Glycine, Inositol, Lactic Acid, Niacinamide, Urea, Glabridin, Benzoic Acid, Sodium Benzoate, Sodium Methylparaben, Sodium Chloride, Terry-Dry Freeze Dried Or Spray Dried Aloe Vera Powders, Propylparaben
May Contain: Ci 14720, Ci 15985, Ci 42090""",Cair,47500,https://incidecoder-content.storage.googleapis.com/26eb5af8-cec1-4862-8869-d55a1ba817a1/products/implora-peeling-serum/implora-peeling-serum_front_photo_300x300@2x.webp,https://shopee.co.id/Implora-Face-Serum-Exfoliating-Treatment-Set-i.10960132.18667036239?sp_atk=76e3ac0d-df40-409d-9885-7b7993cd0f36&xptdk=76e3ac0d-df40-409d-9885-7b7993cd0f36
Hanasui Power Peeling Serum,Eksfoliasi,"""Aqua, Lactic Acid, Glycerin, Gluconolactone, Butylene Glycol, Glycolic Acid, Mandelic Acid, Pentylene Glycol, Succinic Acid, Salicylic Acid, Sodium Hydroxide, Phenoxyethanol, Tranexamic Acid, Xanthan Gum, Vaccinium Myrtillus (Bilberry) Fruit Extract, Allantoin, Panthenol, Sodium Hyaluronate, Arginine, Propylene Glycol, Saccharum Officinarum (Sugar Cane) Extract, Disodium EDTA, Aloe Barbadensis Extract, Centella Asiatica (Cica) Leaf Extract, Triethylene Glycol, Citrus Aurantium Dulcis (Orange) Fruit Extract, Citrus Limon (Lemon) Fruit Extract, Acer Saccharum (Sugar Maple) Extract, Artemisia Vulgaris (Mugwort) Extract, Citric Acid, Potassium Sorbate, Sodium Benzoate""",Cair,23900,https://incidecoder-content.storage.googleapis.com/a766fde6-6f0f-4dfb-8a50-a9780f57f66a/products/hanasui-power-peeling-serum/hanasui-power-peeling-serum_front_photo_300x300@2x.webp,https://shopee.co.id/Hanasui-Power-Peeling-Serum-Eksfoliasi-Wajah-Mencerahkan-Angkat-Sel-Kulit-Mati-Komedo-Kulit-Tidak-Iritasi-Kering-i.129681299.13495320054?sp_atk=1524fc2d-a3f6-4880-b8db-9dfe89327e70&xptdk=1524fc2d-a3f6-4880-b8db-9dfe89327e70
Scarlett Whitening Peeling So Good,Eksfoliasi,"""Aqua, Glyserin, Gluconolactone, Succinic Acid, Behentrimonium Chloride, Galactomyces Ferment Filtrate, Phenoxyethanol, Aloe Barbadensis Leaf Water, Centella Asiatica Extract, Lactic Acid, Cetrimonium Chloride, Allantoin, Aloe Barbadensis Leaf Extract, Isopropyl Alcohol, Vaccinium Myrtillus Fruit Extract, DMDM Hydantoin, Ethylhexylglycerin, Saccharum Officinarum (Sugar Cane) Extract, 1,2-Hexanediol, Pentylene Glycol, Butylene Glycol, Citrus Aurantium Dulcis Fruit Extract, Citrus Limon Fruit Extract, Glyceryl Acrylate/​Acrylic Acid Copolymer, Acer Saccharum (Sugar Maple) Extract, Pvm/​Ma Copolymer""",Gel,119999,https://incidecoder-content.storage.googleapis.com/6c469271-1e69-4dd3-8e07-6af9994ff22f/products/scarlett-peeling-so-good-brightening-peeling-gel/scarlett-peeling-so-good-brightening-peeling-gel_front_photo_300x300@2x.webp,https://shopee.co.id/Scarlett-Whitening-Skin-Barrier-Moisturizer-7x-Ceramide-Moisturizer-Acid-Peeling-Gel-Peeling-So-Good-Exfoliasi-Wajah-Mencerahkan-Wajah-Mengangkat-Sel-Kulit-Mati-Memperbaiki-Skin-Barrier-i.255365082.15499117719?sp_atk=a3e7c422-2274-47a0-a5ad-c15b2d9aec4b&xptdk=a3e7c422-2274-47a0-a5ad-c15b2d9aec4b
Azarine AHA-BHA-PHA Peeling Serum,Eksfoliasi,"""Aqua, Glycolic Acid, Lactic Acid, Mandelic Acid, Salicylic Acid, Portulaca Oleracea Extract, Carica Papaya Fruit Extract, Sodium Hyaluronate, Lactobionic Acid, Aloe Barbadensis Leaf Juice, Allantoin, Royal Jelly, Chlorphenesin, Phenoxyethanol, Xanthan Gum, Gluconobacter/​Honey Ferment Filtrate""",Cair,36550,https://incidecoder-content.storage.googleapis.com/024941f1-5b19-4826-a343-0db198b0572b/products/azarine-aha-bha-pha-peeling-serum-marvel-edition/azarine-aha-bha-pha-peeling-serum-marvel-edition_front_photo_300x300@2x.webp,https://shopee.co.id/Azarine-AHA-BHA-PHA-Peeling-Serum-20ml-i.80036545.21412377589?sp_atk=854a3ae3-022c-40e0-b7bc-0c9deb9c31d2&xptdk=854a3ae3-022c-40e0-b7bc-0c9deb9c31d2
WARDAH Lightening Gentle Exfoliator,Eksfoliasi,"""Aqua, Sodium Laureth Sulfate, Niacinamide, PEG-3 Distearate, Hydrated Silica, Glycerin, Acrylates Copolymer, Hydroxyethylcellulose, Cocamidopropyl Betaine, Phenoxyethanol, Sodium Lauroyl Sarcosinate, Sodium Chloride, Ethylhexylglycerin, Fragrance, Sodium Nitrate, Citric Acid, Propylene Glycol, Disodium Phosphate, Polysorbate 60, Glycyrrhiza Glabra (Root) Extract, Sodium Phosphate, Ci 74160""",Scrub,21375,https://down-id.img.susercontent.com/file/sg-11134201-7rbmf-m5jluo6zzdmo5c@resize_w900_nl.webp,"Jual WARDAH Lightening Gentle Exfoliator 50 ml - Pembersih Wajah dengan Scrub dan Advanced Niacinamide Gentle Microfoliant yang Lembut, Membersihkan Pori, Mengangkat Sebum Sel Kulit Mati, Cerah Glowing dan Halus - Kulit Normal Cenderung Berminyak - Skincare | Shopee Indonesia"
Emina 2 in 1 Scrub Mask,Eksfoliasi,"""Aqua, Propanediol, Glycerin, Kaolin, Dipropylene Glycol, Hydrated Silica, Glycereth-26, Juglans Regia (Walnut) Shell Powder, Sodium Polyacrylate, Phenoxyethanol, Silica, Xanthan Gum, Ammonium Acryloyldimethyltaurate/​VP Copolymer, Chlorphenesin, Sodium Hydroxide, Vaccinium Myrtillus Fruit Extract, Carbomer, Disodium EDTA, Saccharum Officinarum (Sugar Cane) Extract, Butylene Glycol, Citrus Aurantium Dulcis (Orange) Fruit Extract, Citrus Limon (Lemon) Fruit Extract, Acer Saccharum (Sugar Maple) Extract, Actinidia Polygama Fruit Extract""",Scrub,45600,https://down-id.img.susercontent.com/file/id-11134207-7qukw-lfkj5vocci1uf9@resize_w900_nl.webp,Jual Emina 2 in 1 Scrub Mask 50 mL - Scrub & Masker Wajah Multifungsi Angkat Sel Kulit Mati | Shopee Indonesia
Himalaya Purifying Neem Scrub,Eksfoliasi,"""Aqua, Stearic Acid, Caprylic/​Capric Triglyceride, Cetyl Alcohol, Crystalline Cellulose, Sorbitan, Sorbitan Stearate, Sucrose Cocoate, Ethanol, Ethylhexylglycerin, Fragrance, Carbomer, Prunus Armeniaca (Apricot) Seed Powder, Sodium Hydroxide, Benzyl Alcohol, Tocopheryl Acetate, Disodium EDTA, Melia Azadirachta Leaf Extract, Curcuma Longa Root Extract, Ci 77891, Ci 77289, Ci 7749""",Scrub,26550,https://down-id.img.susercontent.com/file/id-11134207-81ztp-mfjics7tx1qk5e@resize_w900_nl.webp,Jual Himalaya Purifying Neem Scrub 50ml - Scrub Wajah Untuk Jerawat Acne Skincare | Shopee Indonesia
Safi White Expert Deep Exfoliator,Eksfoliasi,"""Aqua, Glyceryl Stearate, Glycerin, Caprylic/​Capric Triglyceride, Olea Europaea Oil Unsaponifiables, Sodium Cocoamphoacetate, Stearic Acid, PEG-100 Stearate, Prunus Armeniaca Seed Powder, Olive Oil PEG-7 Esters, Carbomer, Aminomethyl Propanol, Tetrasodium EDTA, Fragrance, Nigella Sativa Seed Oil, Perfluorodecalin, 4-Butylresorcinol, Phenoxyethanol, Methylparaben""",Scrub,46800,52ca8a22a65c35ad727b000d0548346e@resize_w900_nl.webp (900×900),Jual SAFI ULTIMATE BRIGHT DEEP EXFOLIATOR 100GR - Pembersih Wajah | Shopee Indonesia
Herborist Juice for Skin Face Scrub,Eksfoliasi,"""Aqua, Cetyl Alcohol, Corn (Zea Mays) Starch, Glycerin, Cetearyl Alcohol, Glyceryl Stearate, Isopropyl Myristate, Olive (Olea Europaea) Oil, Silica, Sodium Laureth Sulfate, PEG-100 Stearate, Juglans Regia Shell Powder, Phenoxyethanol, Synthetic Wax, Triethanolamine, Salicylic Acid, Allantoin, Perfume, Disodium EDTA, Tocopheryl Acetate, Avena Sativa Kernel Extract, Pyrus Malus Fruit Extract, Propylene Glycol, Brassica Oleracea Italica Extract, DMDM Hydantoin""",Scrub,22200,https://down-id.img.susercontent.com/file/id-11134201-7rasg-m20oe7w5pvd513@resize_w900_nl.webp,Jual Herborist Juice For Skin Face Scrub - 60gr | Shopee Indonesia
Viva Peeling Cream,Eksfoliasi,"""Aqua, Synthetic Wax, Cetearyl Alcohol, Mineral Oil, Propylene Glycol, Ceteareth-20, Parfum, Methylparaben, Propylparaben, BHT""",krim,9240,https://down-id.img.susercontent.com/file/id-11134207-7r992-lxm8z5ejxqx9c3.webp,Jual Viva Queen Peeling Cream (22gr & 200gr) | Shopee Indonesia
"Eiem Beauty
Full Acid Exfoliating Solution",Eksfoliasi,"""Water, Propylene Glycol, Lactic Acid, Glycolic Acid, Potassium Hydroxide, Salicylic Acid, Sodium Citrate, Triethanolamine, Citric Acid, Gluconolactone, Mandelic Acid, Capryloyl Salicylic Acid, Camellia Sinensis Leaf Extract, Propanediol, Aloe Barbadensis Leaf Juice, Phenoxyethanol, Potassium Sorbate, Bisabolol, Sodium PCA, Mel (Honey), Urea, Fructose, Glucose, Centella Asiatica Extract, Pentylene Glycol, Acetyl Glucosamine, Glucuronolactone, Glycine, Sodium Carboxymethyl Cellulose, Lysine Hydrochloride, Ci 16035, Xanthan Gum, Polygonum Cuspidatum Root Extract, Scutellaria Baicalensis Root Extract, Glycyrrhiza Glabra (Licorice) Root Extract, Ci 27755, Chamomilla Recutita (Matricaria) Flower Extract, Maltodextrin, Rosmarinus Officinalis (Rosemary) Leaf Extract, Hydrolyzed Collagen, 1,2-Hexanediol, Parfum, Sodium Benzoate, Caprylyl Glycol, Tropolone, Ethylhexylglycerin, Tetrasodium EDTA""",Cair,38000,https://down-id.img.susercontent.com/file/id-11134207-7rbk0-m86i4fk8plq0bd@resize_w900_nl.webp,https://shopee.co.id/EIEM-Beauty-Full-Acid-Exfoliating-Solution-Serum-20ml-i.574961929.24887843942?sp_atk=eccfe034-4650-4182-abdd-6f163dce895c&xptdk=eccfe034-4650-4182-abdd-6f163dce895c
"Hanasui
Advance Exfoliating Serum",Eksfoliasi,"""Aqua, Butylene Glycol, Glycerin, Acetyl Glycyl Beta-Alanine, Gluconolactone, Glycolic Acid, Lactic Acid, Biosaccharide Gum-1, Succinic Acid, Phenoxyethanol, Methyl Gluceth-20, Sodium Hydroxide, Tranexamic Acid, Xanthan Gum, Panthenol, Carbomer, PEG-40 Hydrogenated Castor Oil, Vaccinium Myrtillus Fruit Extract, Allantoin, Disodium EDTA, Tocopheryl Acetate, Arginine, Triethylene Glycol, Saccharum Officinarum (Sugar Cane) Extract, Citrus Aurantium Dulcis (Orange) Fruit Extract, Citrus Limon (Lemon) Fruit Extract, Formic Acid, 1,2-Hexanediol, Acer Saccharum (Sugar Maple) Extract, Sodium Hyaluronate, Niacinamide, Arachis Hypogaea (Peanut) Oil, Ascorbic Acid, Biotin, Folic Acid, Hyaluronic Acid, Hydrolyzed Hyaluronic Acid, Hydrolyzed Sodium Hyaluronate, Hyaluronate Na, Hydroxypropyltrimonium, Pentylene Glycol, Potassium Hyaluronate, Pyridoxine Hcl, Retinyl Palmitate, Sodium Acetylated Hyaluronate, Sodium Hyaluronate Crosspolymer, Tocopherol""",Cair,28000,https://down-id.img.susercontent.com/file/id-11134207-7rbk8-m7vphjhlreisbe@resize_w900_nl.webp,https://shopee.co.id/Hanasui-Advance-Exfoliating-Serum-Kurangi-Beruntusan-Jerawat-Komedo-Cerah-Halus-Lactid-Acid-Gylocic-Acid-Tranexamic-Acid-i.129681299.22390048177?sp_atk=717fcf1d-ed3c-4298-a9d8-0f1e8c8186fa&xptdk=717fcf1d-ed3c-4298-a9d8-0f1e8c8186fa
"ELFormula
Intensive Peeling Solution",Eksfoliasi,"""Water, Glycolic Acid, Sodium Hydroxide, Pentylene Glycol, Gluconolactone, Glycerin, Propanediol, Xanthan Gum, 1,2-Hexanediol, Salicylic Acid, Acacia Senegal Gum, C12-14 Alketh-12, Caprylyl Glycol, Hydrolyzed Gardenia Florida Extract, Maltodextrin, Ethylhexylglycerin, Sodium Phytate, Butylene Glycol, Centella Asiatica Extract, Glycine, Polygonum Cuspidatum Root Extract, Scutellaria Baicalensis Root Extract, Serine, Glutamic Acid, Glycyrrhiza Glabra (Licorice) Root Extract, Camellia Sinensis Leaf Extract, Aspartic Acid, Leucine, Rosmarinus Officinalis (Rosemary) Leaf Extract, Chamomilla Recutita (Matricaria) Flower Extract, Alanine, Lysine, Arginine, Tyrosine, Phenylalanine, Valine, Threonine, Proline, Isoleucine, Tocopherol, Histidine, Methionine, Cysteine""",Cair,104000,https://down-id.img.susercontent.com/file/id-11134207-81ztl-mf1eoja1cdfueb@resize_w900_nl.webp,https://shopee.co.id/ELFORMULA-Intensive-Peeling-Solution-Peeling-Serum-Dark-Spot-Glass-Skin-Eksfoliasi-Wajah-Mengangkat-Sel-Kulit-Mati-AHA-BHA-PHA-Glowing-Smooth-Skin-Mencerahkan-Kulit-Halus-Blackhead-Brightening-Whitening-Exfoliasi-Exfoliating-i.600719961.15304662949?sp_atk=8b182240-5ece-456e-bd13-95bf1dd70eeb&xptdk=8b182240-5ece-456e-bd13-95bf1dd70eeb
"Wardah
Lightening Gentle Exfoliator",Eksfoliasi,"""Aqua, Sodium Laureth Sulfate, Niacinamide, PEG-3 Distearate, Hydrated Silica, Glycerin, Acrylates Copolymer, Hydroxyethylcellulose, Cocamidopropyl Betaine, Phenoxyethanol, Sodium Lauroyl Sarcosinate, Sodium Chloride, Ethylhexylglycerin, Fragrance, Sodium Nitrate, Citric Acid, Propylene Glycol, Disodium Phosphate, Polysorbate 60, Glycyrrhiza Glabra (Root) Extract, Sodium Phosphate, Ci 74160""",Scrub,23000,https://down-id.img.susercontent.com/file/sg-11134201-7rbmf-m5jluo6zzdmo5c@resize_w900_nl.webp,https://shopee.co.id/WARDAH-Lightening-Gentle-Exfoliator-50-ml-Pembersih-Wajah-dengan-Scrub-dan-Advanced-Niacinamide-Gentle-Microfoliant-yang-Lembut-Membersihkan-Pori-Mengangkat-Sebum-Sel-Kulit-Mati-Cerah-Glowing-dan-Halus-Kulit-Normal-Cenderung-Berminyak-Skincare-i.59763733.7936699160?sp_atk=324628be-9066-4a57-bb5b-ef890061235b&xptdk=324628be-9066-4a57-bb5b-ef890061235b